name_as_recorded,role,name_agr,source_authority_uri,instance_of,authorized_label,structured_value
"A member of the Bernardi family of Florence, with their arms on fol. 1r (Rietstap 1884, I, p. 179), flanked by the initials ‘C’ and ‘B’; L. S. Olschki, Bulletin mensuel 51 (January 1905), no. 1291;",former owner,,,organization;organization,Bernardi;Leo S. Olschki Editore,Q116771106;Q3229594
"Ellis of Bond Street, their cat. 1919, at £63; Ernst F. Detterer (1888-1947); bought from Detterer’s estate in 1948 by George A. Poole, and acquired by the Lilly Library with the Poole Collection in 1958.",former owner,,,human;human,Ernst F. Detterer;George Amos Poole,Q5394976;Q64683625
"According to a sixteenth-century Latin poem formerly pasted inside the manuscript’s upper cover, the volume was transferred in 1504 from the Benedictine abbey of St. Peter in Salzburg, to the Cistercian abbey of Raitenhaslach, Bavaria (founded 1143, suppressed in 1803);",former owner,,,organization;organization,St Peter's Archabbey Salzburg;Raitenhaslach Cistercian Abbey,Q675735;Q1775833
"the Benedictine abbey of Seitenstetten, Lower Austria (founded 1112, still functioning); sold by the monks in about 1926, probably to Jacques Rosenthal of Munich, and taken apart, the leaves with miniatures being dispersed by Maggs; this leaf, Maggs cat. 512 (1928), no. 291; C. L. Ricketts; acquired by the Lilly Library with the Ricketts Collection in 1961.",former owner,,,organization;organization;human,Seitenstetten Abbey;Jacques Rosenthal;Coella Lindsay Ricketts,Q385745;Q114667678;Q116771179
"Almost certainly from the Cistercian abbey of Pontigny, and probably from the Volumine uno, Decreta Gratiani no. 153 in the late twelfth century catalogue of Pontigny, no. 100 in the early seventeenth-century catalogue, no. 235 in the catalogue of 1778, no. 7 in the catalogue of 1791,",former owner,,,organization,Pontigny Abbey,Q591296
"and finally no. 73 in the list prepared after the sequestration of Pontigny at the French Revolution, described there as in-folio atlantico, elegans et completus dismembered probably in Auxerre in the early nineteenth century; John William Bradley (1830-1916), who gave it to C. L. Ricketts in 1913; acquired by the Lilly Library with the Ricketts Collection in 1961.",former owner,,,human;human,John William Bradley;Coella Lindsay Ricketts,Q52148380;Q116771179
"Anne Holte (1733-1799), wife of Sir Charles Holte (1721-1782), with her signature on the flyleaf; armorial bookplate with the arms of her daughter Mary Elizabeth (1757-1819) impaling those of Mary’s husband, Abraham Bracebridge (c. 1747-1832), of Atherstone Hall, Warwickshire;",former owner,,,human;human;human;human,Anne Jesson;Charles Holte;Mary Elizabeth Holte;Abraham Bracebridge,Q61358972;Q26899116;Q75453592;Q76006713
"note by their son, Charles Holte Bracebridge (1799-1872), formerly enclosed, ""This Missal dated 1640 has been preserved in my family up to this time"", Atherstone, 20 May 1871 (mistaking a number ‘1640’ on the front pastedown for a date); Leighton, cat. II, 3 (May 1921), no. 1726; C. L. Ricketts; acquired by the Lilly Library with the Ricketts Collection in 1961.",former owner,,,human;human,Charles Holte Bracebridge;Coella Lindsay Ricketts,Q52305816;Q116771179
"Benedictine monastery of Saint Peter in Erfurt (known as Petersburg), reputedly founded by King Dagobert in the seventh century, and suppressed in 1803, with their ownership inscription on fol. 1r, liber s. petri in erphordand other localised inscriptions; no. 34 in the monastery’s library catalogue of 1783, Anonymi: Missale pergameno inscriptum 1321(Theele 1920, p. 60;",former owner,,,organization,"Monastery of Saint Peter (Erfurt, Germany)",Q116779916
"the inscription of 1321 is on fol. 2r); Dr Leander van Ess (1772-1847), of Darmstadt, his no. 36 (label on spine); Sir Thomas Phillipps (1792-1872), bought with the van Ess library in 1824, his MS 421; bought in 1955 by George A. Poole from Messrs. W. H. Robinson, who had acquired the residue of the Phillipps library in 1945-46; acquired by the Lilly Library with the Poole Collection in 1958.",former owner,,,human;human;human;organization,Johann Heinrich van Ess;Thomas Phillipps;George Amos Poole;William H. Robinson Ltd.,Q1810643;Q2147709;Q64683625;Q116786331
"Cistercian abbey of Cambron, north of Mons, Hainault (now in Belgium), founded c. 1148; doubtless the Gilebertus . . . Super Epistolas Paulirecorded at Cambron in 1641 and the gillebertus Super epistolas Sti Pauli Completerecorded at Cambron in 1782 (Sanderus 1641, I, p. 355; Planke 1938, p. 55, no. 168);",former owner,,,organization,Cambron Abbey,Q948743
"the abbey was suppressed in 1789 and the monks finally left in 1797; at least 34 manuscripts from Cambron were bought c. 1823 from P. J. De Mat (d. 1828), bookseller in Brussels, by Sir Thomas Phillipps (1792-1872), his MSS 333-62 and 4765-68, together with an unknown number of fragments;",former owner,,,human;human,P. J. De Mat;Thomas Phillipps,Q79406248;Q2147709
"from the collection of specimen leaves formed by Messrs. W. H. Robinson, who bought the residue of the Phillipps library in 1945-6, sold by them to George A. Poole in 1947, and acquired by the Lilly Library with the Poole Collection in 1958.",former owner,,,organization;human,William H. Robinson Ltd.;George Amos Poole,Q116786331;Q64683625
"Cistercian abbey of Villers-en-Brabant, founded from Clairvaux in 1146 and suppressed in 1796; doubtless from the Quarta pars Gregorialis et sermo quidam sancti Bernardilisted in the Villers library catalogue of 1309 (Derolez 2001, p. 219, no.164); part of a group of 20 manuscripts from Villers bought in Brussels c. 1823 by Sir Thomas Phillipps (1792-1872);",former owner,,,organization;human,Villers Abbey;Thomas Phillipps,Q1493708;Q2147709
"Phillipps MS 29506 (the ‘9’ written over ‘0’, as in item 21 above); from the collection of specimen leaves formed by Messrs. W. H. Robinson, who bought the residue of the Phillipps library in 1945-46, sold by them to George A. Poole in 1947, and acquired by the Lilly Library with the Poole Collection in 1958.",former owner,,,organization;human,William H. Robinson Ltd.;George Amos Poole,Q116786331;Q64683625
"Count Giacomo Maria Manzoni (1816-1889), Roman minister of finance, Guglielmo Libri’s executor; his sale, IV, Rome, 23 April 1894, lot 67; Edward Robinson (1858-1931), classicist and later director of the Metropolitan Museum, New York, bought in Venice from L. S. Olschki, 1894, given by him on 31 January 1906 to Henry W. Poor (1844-1915),",former owner,,,human;human;organization;human,Giacomo Manzoni;Edward Robinson;Leo S. Olschki Editore;Henry William Poor,Q17285107;Q3048662;Q3229594;Q5730239
"""as a souvenir of the happy days with which I have begun my life in New York"" (letter enclosed), with Poor’s leather booklabel; his sale, New York, 17 November 1908, lot 799, to Morris; Walter T. Wallace (1866-1922), with his armorial bookplate; his sale, New York, 22 March 1920, lot 229, to C. L. Ricketts; acquired by the Lilly Library with the Ricketts Collection in 1961.",former owner,,,human;human,Walter Thomas Wallace;Coella Lindsay Ricketts,Q116784946;Q116771179
"Earls of Hopetown, at Hopetown House, West Lothian, Scotland, and by descent to John Hope 860-1908, seventh earl, succeeded in 1873, created marquess of Linlithgow in 1902, first Governor General of Australia); his sale, Sotheby’s, 25 February 1889, lot 499, to Ridler; George Dunn (1865-1912); his sale, Sotheby’s, 11 February 1913, lot 535,",former owner,,,human;human;human,"Coella Lindsay Ricketts;John Hope, 1st Marquess of Linlithgow;George Dunn",Q116771179;Q335178;Q112841325
"to Maggs (their cat. 308, 1913, no. 76, and cat. 341, 1914, no. 235); Herschel V. Jones (1861-1928), of Minneapolis, MN; his sale, Anderson, New York, 29 January 1919, lot 1069a, to Martini, with his collation note; bought by C. L. Ricketts from Martini, cat. 15 (1919), no. 10a, and acquired by the Lilly Library with the Ricketts Collection in 1961.",former owner,,,organization;human,Maggs Bros Ltd;Herschel V. Jones,Q15067374;Q15485383
"Found and first published by Anton Birlinger (1834-1891, of Bonn) who describes it as having been in the possession of Karl Strauven (d. 1886), notary in Düsseldorf; by 1870 acquired by Karl Anton, Fürst von Hohenzollern- Sigmaringen (1811-1885, prime minister of Prussia 1858-62) for the court library at Sigmaringen;",former owner,,,human;human;human,"Anton Birlinger;Karl Leopold Strauven;Prince Karl Anton, Prince of Hohenzollern",Q588335;Q11028150;Q58012
"bought from there by the bookseller Herbert Reichner (1899-1971), of Stockbridge, Mass., who sold it to the Lilly Library in 1960.",former owner,,,human,Herbert Reichner,Q27229630
"Franciscan convent of Arras (founded in 1223), with their contemporary inscription on fol. 60v (partly trimmed), ""liber iste fratrum minorum Attrebatensis. qui furatus fuerit non absolvatur nisi eis restituat ablatum"" and, late thirteenth century,""hic est liber fratrom minorum Attrebati"";",former owner,,,organization,Franciscan convent of Arras,Q116785049
"signature on fols. 1r and 58v, ""De monchaulx"", early sixteenth century (perhaps related to Gilles Moncheaulx, who signed Arras, Bibliothèque municipale, ms 728, in 1565); bound in Ghent by François Duquesne (1830-1902); given to the Lilly Library by Mrs. Thelma Sansberry, 1984.",former owner,,,human,Thelma Sansberry,Q116785053
"François-Nicolas Comynet (1791-1848), no. 168 in the list of manuscripts bought by him in 1825 from the municipality of Auxerre (Liber Prosperi De vita contemplativa, et liber Anselmi De processione Spiritus Sancti; sent by Comynet to the dealer Sylvestre, in Paris; the abbé Joseph-Félix Allard (1795-1831), translator of Tertullian and priest of St-Eustache in Paris,",former owner,,,human;human,François-Nicolas Comynet;Joseph-Félix Allard,Q116785081;Q116785090
"bought probably from Sylvestre and sold, perhaps through Teschener, to Sir Thomas Phillipps (1792-1872), his MS 3735 (Ex Bibliotheca M. Allard; Phillipps sale, Sotheby’s, 23 March 1895, lot 918; Harold Baillie Weaver (d. 1926); his sale, Christie’s, 29 March 1898, lot 483; Laurence Hodson (1864-1933), with his booklabel in Kelmscott type; his sale, Sotheby’s, 5 December 1906, lot 504;",former owner,,,human;human;human,Thomas Phillipps;Harold Baillie Weaver;Laurence William Hodson,Q2147709;Q18821788;Q116378155
"Maggs cat. 246 (1909), no. 820; Sotheby’s, 21 July 1913, lot 1077; Maggs cat. 380 (1919), no. 1699, and cat. 542 (1930), no. 46;Edward Duff Balken, of Pittsburg, PA, with his bookplate; George A. Poole (bought from H. P. Kraus, cat. 75, 1955, no. 5), and acquired by the Lilly Library with the Poole Collection in 1958.",former owner,,,human;human;organization,Edward Duff Balken;George Amos Poole;Maggs Bros Ltd,Q112300686;Q64683625;Q15067374
"From a manuscript bequeathed to Beauvais Cathedral by Robert de Hangest (d. 1356); the cathedral library was dispersed at the French Revolution; a group of its best manuscripts re-appeared in the sale of the architect Gay, Lyons, October 1833;",former owner,,,organization;human,Beauvais Cathedral;Robert de Hangest,Q513300;Q116785131
"Henri-Auguste Brölemann (1775-1869), of Lyons, and by descent to his grandson Arthur Brölemann (1826-1904) and his great-granddaughter Madame Etienne Mallet; her sale, Sotheby’s, 5 May 1926, lot 161, to Permain; Otto F. Ege (1888-1951), who cut it up.",former owner,,,human;human;human,Henri Auguste Brölemann;Arthur Brölemann;Otto Ege,Q116785149;Q116785153;Q7109575
"From the Missal of Cardinal Antoniotto Pallavicini (1442-1507), who gave it to the Sistine Chapel, in the Vatican, where it was recorded in 1714; probably looted during the French occupation of Rome in 1798; the abate Luigi-Celotti (c. 1768-c. 1846), who probably cut it up;",former owner,,,human;organization;human,Antonio Pallavicini Gentili;Sistine Chapel;Luigi Celotti,Q2345146;Q2943;Q113774991
"his sale, Christie’s, 26 May 1825, part of lot 48; perhaps William Young Ottley (1771-1836); perhaps part of lot 204 in his sale, Sotheby’s, 11 May 1838; C. L. Ricketts, bought from Tregaskis; acquired by the Lilly Library with the Ricketts Collection in 1961.",former owner,,,human;human;human,William Young Ottley;James Tregaskis;Coella Lindsay Ricketts,Q8020693;Q94138739;Q116771179
"From volume III of the Antiphoner made for the prioress of the Cistercian nunnery of Beaupré (founded 1228, suppressed 1796), at Grimminge, east of Brussels and north of Cambron; gothic foliation in roman numerals added during the revision of the text under Jacquemine Hendricx, abbess of Beaupré 1473-1500,",former owner,,,organization;human,Cistercian Abbey of Beaupré;Jacquemine Hendricx,Q2698735;Q116785243
"and pagination in arabic numerals during the revision under Angéline de Lossy, abbess 1755-96;sold with the Beaupré manuscripts in 1797; John Ruskin (1819-1900), who owned six volumes from two sets of choirbooks from Beaupré and removed the present leaves himself;",former owner,,,human,John Ruskin,Q179126
"probably Laurence Hilliard (d. 1887, aged 32), Ruskin’s secretary, who was given many manuscript specimens by Ruskin; sale by his heirs, Sotheby’s, 28 April 1913, part of lot 508; C. L. Ricketts, bought from Tregaskis, 1922; acquired by the Lilly Library with the Ricketts Collection in 1961.",former owner,,,human;human;human,Laurence Hilliard;James Tregaskis;Coella Lindsay Ricketts,Q116785270;Q94138739;Q116771179
"Giulantonio di Acquaviva, duke of Atri 1464-81, or possibly his young son, Andrea Matteo Acquaviva (1458-1529), with their arms on fol. 1r; Gilhofer and Ranschburg, cat. 265 (1936), no. 12a; evidently confiscated by the Nazis, with the purple stamp of the Zentralstelle für Denkmalschutz dated 26.III.37 inside the lower cover; apparently returned;",former owner,,,human;human;organization,"Giulio Antonio Acquaviva;Andrea Matteo Acquaviva;Gilhofer & Ranschburg, Vienna",;Q2317813;Q3615841;Q1524334
"A. Rosenthal, cat. 1 (1939), no. 21; Reichner cat. 2 (1940), no. 113; Lathrop Harper, cat. 3 (1953), no. 72; George A. Poole, bought from Harper in 1955, and acquired by the Lilly Library with the Poole Collection in 1958.",former owner,,,human;organization,"George Amos Poole;Lathrop C. Harper, Inc.",Q64683625;Q116785327
"Given by Rudolf, priest of Lindau, to a monastery, doubtless the Premonstratensian imperial abbey of Weissenau (founded in 1145, suppressed in 1803), where it was by the time of the eighteenth-century inscription on fol. 1r, Bibliothecę Weissenaw probably one of the two twelfth- to thirteenth-century Psalter commentaries noted by M. Gerbert on his visit to Weissenau in 1760 (Lehmann 1918, p. 408)",former owner,,,organization,Weissenau Abbey,Q458074
"probably not lot 106 in the Savile sale, Sotheby’s, 6 February 1861 (as suggested by de Ricci); Sir Thomas Brooke (1830-1908), by 1891; his sale, Sotheby’s, 24 November 1913, lot 13; bought from W. M. Voynich in January 1917 by C. L. Ricketts, and acquired by the Lilly Library with the Ricketts Collection in 1961.",former owner,,,human;human;human,"Sir Thomas Brooke, 1st Baronet;Wilfrid Voynich;Coella Lindsay Ricketts",Q33389639;Q336453;Q116771179
"Guglielmo Libri (1802-1869); his sale, Sotheby's, 28 March 1859, part of lot 1111 (""Fragmenta Vetusta ...some of the smallest fragments being also in the Anglo-Saxon language"", with Poole MS 41); Sir Thomas Phillipps (1792-1872), not obviously from his MS 22229 (the reference given by Ker);",former owner,,,human;human,Guglielmo Libri Carucci dalla Sommaja;Thomas Phillipps,Q1251586;Q2147709
"from the collection of specimen leaves formed by Messrs. W.H. Robinson, who bought the residue of the Phillipps library in 1945-46, sold by them to George A. Poole in 1947, and acquired by the Lilly Library with the Poole Collection in 1958.",former owner,,,human,George Amos Poole,Q64683625
"Illuminated for Marie d’Avaugour, duchesse de Montbazon (1610-1657), daughter of Claude d’Avaugour, comte de Vertus, and wife of Hercule de Rohan, duc de Montbazon (1568-1654), governor of Paris, with their arms on the title and elsewhere;",former owner,,,human,Marie de Bretagne d'Avaugour,Q2116911
"Frédéric Masson (1847–1923), of Paris; C. L. Ricketts, bought in Paris in 1927 from E. Nourry; acquired by the Lilly Library with the Ricketts Collection in 1961.",former owner,,,human;human;human,Frédéric Masson;Émile Nourry;Coella Lindsay Ricketts,Q1152648;Q690442;Q116771179
"Inscribed at foot of fol. 1r, Sum Liber Johannis Hunt ex dono Mariae Lussher 1.5.8.5i doubtless John Hunt (c. 1560-1612), of Gaydon, Staffordshire, etc., given to him in 1585 by Mary Lusher (c. 1564-1634, daughter of Nicholas Lusher, of Shooland in Putterham, Surrey), whom he had married in 1582; by descent to their daughter Bridget, who in 1633 married George Starkey (d. 1679);",former owner,,,human;human;human,Mary Lusher;John Hunt;Bridget Hunt,Q116790415;Q116790408;Q116790444;
"Henry Yates Thompson (1838-1928), bought from Quaritch, 14 March 1895, with his bookplate, his no. 29; his sale, Sotheby’s, 23 March 1920, lot 43, to Tregaskis (his cat. 850, 1922, no. 17, and cat. 871, 1923, no. 15); C. L. Ricketts; acquired by the Lilly Library with the Ricketts Collection in 1961.",former owner,,,human;human;human,Henry Yates Thompson;James Tregaskis;Coella Lindsay Ricketts,Q2044609;Q94138739;Q116771179
"Jean-Baptiste Joseph Barrois, of Lille (1784-1855), his 297 (green label on spine); the collection bought in 1849 by Bertram, fourth earl of Ashburnham (1797-1878); the fifth earl’s sale, Sotheby’s, 10 June 1901, lot 33;",former owner,,,human;human;human,"Joseph Barrois;Bertram Ashburnham, 4th Earl of Ashburnham;Bertram Ashburnham, 5th Earl of Ashburnham",Q97783947;Q21855104;Q19894272
"Quaritch, cat. 211 (January 1902), no. 24, and cat. 290 (June 1910), no. 448; bought by C. L. Ricketts from W. M. Voynich, January 1917, and acquired by the Lilly Library with the Ricketts Collection in 1961.",former owner,,,human;human,Coella Lindsay Ricketts;Wilfrid Voynich,Q116771179;Q336453
"John Boykett Jarman (d. 1864, aged 82); his sale, Sotheby’s, 13 June 1864, lot 78; Cecil Dunn Gardner; his sale, Sotheby’s, 21 June 1880, lot 823, to Ellis; William H. Crawford (1812-1888), of Lakelands, Blackrock, Cork, with his bookplate; his sale, Sotheby’s, 12 March 1891, lot 1666;",former owner,,,human;human;human,John Boykett Jarman;Cecil Dunn Gardner;William Horatio Crawford,Q94297523;Q64337080;Q84471454
"Henry Walton Lawrence; his sale, Sotheby’s, 15 December 1892, lot 235, to Robson; C. L. Ricketts, bought from Robson, cat. 96 (1915), no. 219; acquired by the Lilly Library with the Ricketts Collection in 1961.",former owner,,,human;human,Edwin Henry Lawrence;Coella Lindsay Ricketts,Q116786361;Q116771179
"Perhaps Michel d’Ailly, sixth duc de Chaulnes (1714-1769, but not identifiable in his sale catalogue, Paris, 19 March 1770 and following days); probably George Watson Taylor (1771-1841), M. P. and owner of plantations in Jamaica, whose sale, Evans, 20 March 1823, included as lot 463, a fifteenth-century illuminated manuscript of Caesar and Suetonius, on vellum;",former owner,,,human;human,Michel Ferdinand d'Albert d'Ailly;George Watson-Taylor,Q3309624;Q16741855
"Thomas Thorpe, cat. II (1823), no. 5745, and cat. III (1824), no. 16518;",former owner,,,human,Thomas Thorpe,Q94353688
"Sir Thomas Phillipps (1792–1872), bought from Thorpe, his MS 2665; his sale, Sotheby’s, 10 June 1896, lot 1182 (it was at one time in the library of the Duc de Chaulnes), unsold, re-offered 5 June 1899, lot 1107; Alfred Higgins, F.S.A. (d. 1903; bought in May 1903: he died in October), with his signature and booklabel;",former owner,,,human;human,Thomas Phillipps;Alfred Higgins;,Q2147709;Q116809261
"his sale, Sotheby’s, 2 May 1904, lot 228; Michael Tomkinson (1841-1921); his sale, Sotheby’s, 3 April 1922, lot 878, to Quaritch; C. L. Ricketts, bought in 1923; acquired by the Lilly Library with the Ricketts Collection in 1961.",former owner,,,human;organization;human,Michael Tomkinson;Bernard Quaritch Ltd;Coella Lindsay Ricketts,Q18811090;Q65034936;Q116771179
"Perhaps from an institutional library in Chartres dispersed at the French Revolution; Pierre Gélis-Didot (b. 1853), his sale, Paris, Belin-Drouot, 12 April 1897, lot 3; Cecil Mallaby Firth (1878-1931), Egyptologist, with his bookplate; George Dunn (1865-1912), with his booklabel, bought in March 1900, probably from Sydney Cockerell (to judge from Dunn’s pencil note ""S.C.C."");",former owner,,,human;human;human,P. Gélis-Didot;Cecil Mallaby Firth;George Dunn,Q106675850;Q1052325;Q112841325
"Dunn sale, Sotheby’s, 11 February 1913, lot 356, to Young; bought the following day by C. L. Ricketts, and acquired by the Lilly Library with the Ricketts collection in 1961.",former owner,,,human;human,Sydney Cockerell;Coella Lindsay Ricketts,Q966843;Q116771179
"Perhaps the Carmelite convent in Chester; Richard Legh, of East Hall, High Legh, Cheshire, 1613; Richard Maria Domville (c. 1600-1667) who gave it in 1665 to Sir Peter Leycester (1614-1678), of Nether Tabley, Cheshire, and it apparently remained at Nether Tabley probably until the 1920s;",former owner,,,human;organization;human;human,"Chester Carmelite Friary;Richard Maria Domville;Sir Peter Leycester, 1st Baronet",Q5093489;Q116809433;Q2076653
"broken up by Myers, bookseller of New Bond Street, London; leaves bought in 1930 by C. L. Ricketts, and acquired by the Lilly Library with the Ricketts Collection in 1961.",former owner,,,human;human,Winifred Myers;Coella Lindsay Ricketts,Q112509951;Q116771179
"Perhaps the Cistercian Abbey of Aulne (founded c. 656, Cistercian in 1147, suppressed 1796), and possibly from the Petrus Longobardus in Paulumrecorded at Aulne in the early seventeenth century (Sanderus 1641, I, p. 239); over 100 manuscripts from Aulne were bought in Brussels c. 1823 by Sir Thomas Phillipps (1792-1872), his MSS 4621-4734, together with an unknown number of fragments;",former owner,,,organization;human,Aulne Abbey;Thomas Phillipps,Q333832;Q2147709
"Phillipps MS 29507 (the ‘9’ written over ‘0’, as in Lilly Poole 39); from the collection of specimen leaves formed by Messrs. W. H. Robinson, who bought the residue of the Phillipps library in 1945-46, sold by them to George A. Poole in 947, and acquired by the Lilly Library with the Poole Collection in 1958.",former owner,,,organization;human,William H. Robinson Ltd.;George Amos Poole,Q116786331;Q64683625
"Philipp von der Pflaz (1480-1541), prince bishop of Freising 1507-41, and presumably bequeathed by him to the Benedictine cathedral church of the Virgin Mary and Saint Corbinianus, Freising, founded in 1020 and suppressed in 1802;",former owner,,,human;organization,Philip of the Palatinate;Freising Cathedral,Q72026;Q262769
"Henry Willett (1823-1905); his sale, Sotheby’s, 5 July 1905, lot 15, to E. Parsons; Parsons cat. 261 (1907), no. 455; C. L. Ricketts, and acquired by the Lilly Library with the Ricketts Collection in 1961.",former owner,,,human;organization;human,Henry Willett;Edwin Parsons & Sons;Coella Lindsay Ricketts,Q60797951;Q111399316;Q116771179
"Pieter Bondam (1727-1800), of the University of Utrecht, with his extensive notes; perhaps his sale, Utrecht, 1 October 1800; Sir Thomas Sharpe Powell (1849-1927); his sale, Sotheby’s, 16 December 1929, lot 766; William G. Kelso, New York, bought from Lathrop Harper, 1930, with his notes inside front cover, dated June 1932;",former owner,,,human;human;human;organization,"Pieter Bondam;Thomas Sharpe Powell;William G. Kelso;Lathrop C. Harper, Inc.",Q2074033;Q116809554;Q116809568;Q116785327
"Sir Percival Victor David (1892-1964), of Friar Park, Henley, by 1938; W. E. D. Allen (1901-1973), of Cappagh, Co. Waterford; acquired by the Lilly Library with his collection in 1976.",former owner,,,human;human,"Sir Percival David, 2nd Baronet;William Edward David Allen",Q7528445;Q15491084
"Possibly owned by the renaissance writing-master Francesco Alunno (c. 1500-1556), of Ferrara, and probably acquired by Canon Giuseppe Antonelli (1803-1881), librarian of the Biblioteca comunale of Ferrara, with the patternbooks of Alunno;",former owner,,,human;human,Francesco Alunno;Giuseppe Antonelli,Q3749522;Q21272244
"consigned, with one of the Alunno pattern-books, to Sotheby’s, 25 June 1867, among ""other properties"" added to the sale of Sir Thomas Gage (who did not own this manuscript, despite what is generally said), lot 457, £52. 10s. to Ellis; Quaritch, General Catalogue, 1868, p. 1080; William H. Crawford (1812-1888), of Lakelands, Blackrock, Cork, with his bookplate inside lower cover;",former owner,,,organization;human,Bernard Quaritch Ltd;William Horatio Crawford,Q65034936;Q84471454
"his sale, Sotheby’s, 12 March 1891, lot 3248; Robert Hoe (1839-1909), of New York, with his leather booklabel, his by 1892, when it was exhibited at the Grolier Club; his sale, Anderson, New York, 24 April 1911, lot 2182, to G. D. Smith, for C. L. Ricketts; acquired by the Lilly Library with the Ricketts Collection in 1961.",former owner,,, human;human,Robert Hoe III;Coella Lindsay Ricketts,Q3663034;Q116771179
"Premonstratensian abbey of Steinfeld, near Cologne, founded in 1130 and suppressed in 1802, with the contemporary inscription and curse against theft on fol. 1r, liber ecclesie sancte marie de steinfelt Si quis abstulerit anathema sit amen and the late medieval inscription on fol. 158v, Liber Ecclesie Sancte marie virginis in steinfelt(the last two words in slightly paler ink);",former owner,,,organization,Steinfeld Abbey,Q883617
"other inscriptions include the numbers 255 and N. 14 and a note on fol. 1r dated 1447 recording an outbreak of the plague in the houses of Heinrich, count of Nassau, lasting from Michaelmas (29 September, 1446 presum-ably) to the feast of Saint John the Baptist (24 June the following year); Dr. Leander van Ess (1772-1847), of Darmstadt, his no. 26 (label on spine);",former owner,,,human,Johann Heinrich van Ess,Q1810643
"Sir Thomas Phillipps (1792-1872), bought with the van Ess library in 1824, his MS 409, with his stencilled crest; his sale, Sotheby’s, 9 June 1910, lot 660, to Edwards; bought by C. L. Ricketts, and acquired by the Lilly Library with the Ricketts Collection in 1961.",former owner,,,human;human,Thomas Phillipps;Coella Lindsay Ricketts,Q2147709;Q116771179
"Premonstratensian abbey of Tongerloo, province of Antwerp, Belgium, founded in 1128 and suppressed in 1796; Sir Thomas Phillipps (1792-1872), no number but probably from his acquisitions in Belgium in the early 1820s;",former owner,,,human;organization,Thomas Phillipps;Tongerlo Abbey,Q2147709;Q334329
"from the collection of specimen leaves formed by Messrs. W. H. Robinson, who bought the residue of the Phillipps library in 1945-46, sold by them to George A. Poole in 1947, and acquired by the Lilly Library with the Poole Collection in 1958.",former owner,,,human;organization,George Amos Poole;William H. Robinson Ltd.,Q116786331;Q64683625
"Probably Marcantonio Morosini (c. 1435-1509), of Venice, with the Morosini arms on fol. 4r; Matteo Luigi Canonici (1727-1805), Venetian Jesuit; by descent to his brother, Guiseppe Canonici (d. 1807), and to Giovanni Perissinotti and Girolamo Cardina, who sold over 3000 of Canonici’s manuscripts to the Bodleian Library in Oxford in 1817 and 829 of the remaining manuscripts for 16,000 lire|",former owner,,,human;human;human;human;human;organization,Marcantonio Morosini;Matteo Luigi Canonici;Giuseppe Canonici;Giovanni Perissinotti;Girolamo Cardina;Bodleian Library,Q61480782;Q55226394;Q116809670;Q116809679;Q116809685;Q82133
"to the Rev. Walter Sneyd (1809-1888); Sneyd’s sale, Sotheby’s, 16 December 1903, lot 805; Leighton cat. 1908, no. 5793; sale at Sotheby’s, 16 May 1955, lot 108; George A. Poole, bought from Lawrence Witten in 1956, and acquired by the Lilly Library with the Poole Collection in 1958.",former owner,,,human;human;human,Walter Sneyd;Laurence Claiborne Witten II;George Amos Poole,Q62619661;Q6500535;Q64683625
"Sixteenth-century calligraphic signature W: Newmanat end; Ralph Palmer (1684-1752), first earl Verney, of Little Chelsea, near London, with his armorial bookplate and partially-erased inscription Bibliotheca Palmeriana, Londini, 1747 by descent to Sotheby’s, 12 November 1919, lot 187;",former owner,,,human,Ralph Palmer,Q116869249
"Sir (Robert) Leicester Harmsworth (1870-1937); his sale, Sotheby’s, 15 October 1945, lot 2089; George A. Poole, bought from Lawrence Witten, 1957; acquired by the Lilly Library with the Poole collection in 1958.",former owner,,,human;human;human,Leicester Harmsworth;Laurence Claiborne Witten II;George Amos Poole,Q6519187;Q6500535;Q64683625
"The Cistercian abbey of Hautecombe, diocese of Geneva, suppressed in 1792; acquired in or after 1796 by Giacinto della Torre, P.S.A. (1747-1814), canon and later archbishop of Turin 1805-14, who gave it to the biblioteca del Semainario metropolitano, Turin, the library was dispersed c. 1954;",former owner,,,organization;human,Hautecombe Abbey;Giacinto della Torre,Q63524;Q3105018
the present two leaves were bought by George A. Poole in 1954 from C.A. Stonehill; acquired by the Lilly Library with the Poole Collection in 1958.,former owner,,,human;human,Charles Archibald Stonehill;George Amos Poole,Q116869308;Q64683625
"The Dominican convent of Poissy, on the Seine, near Paris, probably there by c. 1360 and certainly at Poissy by the late fifteenth century; Tregaskis cat. 466 (June 1900), no. 489, cat. 472 (September 1900), no. 601, and cat. 479 (December 1900), no. 623;",former owner,,,organization;organization,Abbey of St. Louis de Poissy;James & Mary Lee Tregaskis (Firm),Q116869022;Q114242604
"William Harris Arnold (1854-1924), with his bookplate; his sale, Anderson, New York, 10 November 1924, lot 601; C. L. Ricketts; acquired by the Lilly Library with the Ricketts Collection in 1961.",former owner,,,human;human,William Harris Arnold;Coella Lindsay Ricketts,Q109854300;Q116771179
"The Dominican convent of Sankt Katharina in Nuremberg (founded 1296, suppressed 1803), with their contemporary inscription inside the upper cover, ""das puch gehort in das Closter zu Sant katharein prediger orden in Nurenberg"" (see below); Alexander Augustus Smets (1795-1862), of Savannah, GA, bought in February 1839 (signature on fol. 1r); his sale, Leavitt, New York, 25 May 1868, lot 1461;",former owner,,,organization,Katharinenkirche,Q1736108
"Catalogue of a Private Library, Containing an Exceedingly Valuable Collection of Fine-Art and Illustrated Books, Illuminated Manuscripts, Original Drawings, &c, &c identified in the Grolier Club copy as being the library of E. Tasker, Leavitt, New York, 3 March 1880, lot 620; C. L. Ricketts; acquired by the Lilly Library with the Ricketts Collection in 1961.",former owner,,,human;human,Alexander Smets;Coella Lindsay Ricketts,Q111543701;Q116771179
"The Scuola di Purificatione della Vergine Maria e di Sancto Zenobio, in Florence (founded 1427, closed c. 1802); Charles Fairfax-Murray (1849-1919), with his booklabel; Charles William Dyson Perrins (1864-1958), with his bookplate and ticket, with numbers ‘36’ and ‘62’; his sale, Sotheby’s, 9 December 1958, lot 18, to Breslauer;",former owner,,,organization;human;human,Compagnia della Purificazione di Maria e di San Zanobi;Charles Fairfax Murray;Charles William Dyson Perrins,Q109376779;Q12062202;Q5083550
"his cat. 92 (1960), no. 12; Lathrop C. Harper Inc., and acquired by the Lilly Library with the Harper stock, given by Mrs. Juana Mendel in November 1967.",former owner,,,organization;human,"Lathrop C. Harper, Inc.;Juana Mendel",Q116785327;Q116869123
"The arms on fol. 1r are flanked by the initials ‘A’ and ‘M’, similar to but not precisely identical with those of Marin, of Genoa, and Marini, of Naples; Payne and Foss, their cat. May 1825, no. 83; Sir Thomas Phillipps (1792-1872), bought from Payne, his MS 4194;",former owner,,,human,Thomas Phillipps,Q2147709
"doubtless Messrs. W. H. Robinson, who bought the residue of the Phillipps library in 1945-46; George A. Poole (bought from Lawrence Witten, 1955), and acquired by the Lilly Library with the Poole Collection in 1958.",former owner,,,human;organization,George Amos Poole;William H. Robinson Ltd.,Q116786331;Q64683625
"The name ""Arrivabene"" scribbled several times on fol. 100r in a hand of c. 1500, perhaps Giovanni Pietro Arrivabene (1439-1504), humanist and bibliophile, bishop of Urbino, or a member of his family; perhaps from the Benedictine island monastery of San Giorgio Maggiore, in the Venetian Lagoon;",former owner,,,human;organization,Giampietro Arrivabene;San Giorgio Monastery,Q3762550;Q3320338
"the abate Luigi Celotti (c. 1768-c. 1846), of Venice;Celotti sale, Sotheby’s, 14 March 1825, lot 51; shelved as' VI. H.e.6', Prince Augustus Frederick, duke of Sussex (1773-1843), with his bookplate; his sale, Evans, 31 July 1844, lot 109; probably Edward Stanley (1799-1869), fourteenth earl of Derby, Prime Minister, with the Derby bookplate, and by descent to the eighteenth earl (1918-1994);",former owner,,,human;human;human;human,"Luigi Celotti;Prince Augustus Frederick, Duke of Sussex;Edward Smith-Stanley, 14th Earl of Derby;John Stanley, 18th Earl of Derby",Q113774991;Q375467;Q237829;Q5345407
"his sale, Christie’s, 23 March 1954, lot 32;George A. Poole, bought from Lathrop Harper, cat. 2 (1956), no. 7, and acquired by the Lilly Library with the Poole Collection in 1958.",former owner,,,organization;human,"Lathrop C. Harper, Inc.;George Amos Poole",Q116785327;Q64683625
"Thouvin, sieur du Bouillon, lawyer, of Lassay, Maine (central France), 1717 (inscription on flyleaf signed ‘Thibault’), and by descent to Madame Villatte à Lassay; the Rev. Walter Sneyd (1809-1888), who also owned no. 78 above; his sale, Sotheby’s, 16 December 1903, lot 383; Charles William Dyson Perrins (1864–1958), who also owned no. 61 above, with his bookplate,",former owner,,,human;human;human;human,"Thoumin, sieur Du Bouillon;Walter Sneyd;Charles William Dyson Perrins",Q116869180;Q62619661;Q5083550
"but rejected from the collection before it was catalogued; Rudolf Busch, of Mainz; his sale, Baer, Frankfurt, 4 April 1921, lot 273; sold again among ""other properties"" at Sotheby’s, 7 February 1923, lot 568, to Quaritch; C. L. Ricketts, and acquired by the Lilly Library with the Ricketts Collection in 1961.",former owner,,,human;human,Rudolf Busch;Coella Lindsay Ricketts,Q20812628;Q116771179
"William Bragge (1823-1884); his sale, Sotheby’s, 7 June 1876, lot 237, to Quaritch (his cat. 31, June 1876, no. 87); John Ruskin (1819-1900), inscribed by him to Lawrence Hilliard, Brantwood, 25 January 1881; William K. Bixby (1857-1931); his sale, Anderson, New York, 29 March 1916, lot 743,",former owner,,,human;organization;human;human,William Bragge;Bernard Quaritch Ltd;John Ruskin;William Keeney Bixby,Q8020693;Q6255944;Q179126;Q24900668
"to Gabriel Wells; bought by C. L. Ricketts in 1924 from the estate of the bookseller George D. Smith (d. 1920), and acquired by the Lilly Library with the Ricketts Collection in 1961.",former owner,,,human;human;human,Gabriel Wells;George D. Smith;Coella Lindsay Ricketts,Q17627120;Q116594130;Q116771179
"Written for Giovanni Colonna (1456-1508) or a member of his family (see below); William Bragge 1823-1884); probably no. 63 in Burlington Fine Arts Club 1874, p. 13, lent by Bragge; his sale, Sotheby’s, 7 June 1876, lot 474; Quaritch cat. 31 (June 1876), no. 171, and Quaritch, General Catalogue (1877), no.18381;",former owner,,,human;human;organization,Giovanni Colonna;William Bragge;Bernard Quaritch Ltd,Q1402326;Q15453218;Q65034936
"Edward Quaile (d. 1900); his sale, Sotheby’s, 10 May 1901, lot 223, to Leighton; J. Martini, cat. 17 (1921), no. 17, and cat. 18 (1922), no. 14, at $1,100; C. L. Ricketts; acquired by the Lilly Library with the Ricketts Collection in 1961.",former owner,,,human;human,Edward Quaile;Coella Lindsay Ricketts,Q117085125;Q116771179
"Written in 1491 (dated on fol. 148r) probably for Margaretha van Cleyburg (d. 1537), wife and later widow of Boudewijn Willemszoon van Drenckwaert (c. 1468-1496), bailiff and steward of Voorne; and by descent to her daughter, Catherina van Drenckwaert (wife of Jan Pauwelszoon van der Dycke), granddaughter, Margareta van der Dycke (wife of Jan van den Steen, burgomaster of Bergen-op-Zoom),",former owner,,,human;human,Margaretha van Cleyburg;Catherina van Drenckwaert,Q116811727;Q116811750
"and in 1578 great-granddaughter, Catharina ven den Steen (wife of Jan de Langue, secretary of Brielle), all recorded inside the upper cover; A. D. Schinkel (1784-1864), of The Hague, printer; his sale, The Hague, 21 November 1864, lot 3; William Bragge (1823–1884); probably no. 54 in Burlington Fine Arts Club 1874, p. 11, lent by Bragge; his sale, Sotheby’s, 7 June 1876, lot 221, to Ellis;",former owner,,,human;human,Adrianus David Schinkel;William Bragge,Q55901559;Q15453218
"Col. Eustace Balfour (1854-1911, younger brother of Lord Balfour, prime minister 1902-05); sale at Sotheby’s, 28 July 1919, lot 99a; C. L. Ricketts, bought from Voynich in 1921; acquired by the Lilly Library with the Ricketts Collection in 1961.",former owner,,,human;human;human,Eustace Balfour;Wilfrid Voynich;Coella Lindsay Ricketts,Q17308766;Q336453;Q116771179
"Étienne de Loypeau, bishop of Luçon 1388-1407; Louis d’Harcourt, patriarch of Jerusalem and bishop of Bayeux 1460-79, who on 12 April 1474 gave it to the cathedral of Bayeux; recorded in the inventory of the cathedral treasury in 1476, ""Premièrement, ung excellent missel, portant tout l’office pontifical . . . (Delisle 1887, p. 434);",former owner,,,human;human;organization,Étienne de Loypeau;Louis d’Harcourt;Bayeux Cathedral,Q116811686;Q3263358;Q1636244
"leaves (including those here) were lost by at least 1887; these leaves bought by C. L. Ricketts in Paris from Lemallier, 1907, and acquired by the Lilly Library with the Ricketts Collection in 1961.",former owner,,,human,Coella Lindsay Ricketts,Q116771179
