holding_institution,shelfmark,iiif_manifest_url
csl,MS 10,https://iiif.archivelab.org/iiif/images_SutroCollectionMS10_12/manifest.json
csl,MS 08,https://iiif.archivelab.org/iiif/images_SutroCollectionMS08_12/manifest.json
csl,MS 07,https://iiif.archivelab.org/iiif/images_SutroCollectionMS07_12/manifest.json
csl,MS 06,https://iiif.archivelab.org/iiif/images_SutroCollectionMS06_12/manifest.json
csl,MS 05,https://iiif.archivelab.org/iiif/images_SutroCollectionMS05_12/manifest.json
csl,MS 04,https://iiif.archivelab.org/iiif/images_SutroCollectionMS04_12/manifest.json
csl,MS 02,https://iiif.archivelab.org/iiif/images_SutroCollectionMS02_12/manifest.json
csl,MS 01,https://iiif.archivelab.org/iiif/images_SutroCollectionMS01_12/manifest.json
csl,Italian Manuscripts 167,https://iiif.archivelab.org/iiif/images_SutroCollectionItalianManuscripts167_12/manifest.json
csl,Italian Manuscripts 166,https://iiif.archivelab.org/iiif/images_SutroCollectionItalianManuscripts166_12/manifest.json
csl,Italian Manuscripts 164,https://iiif.archivelab.org/iiif/images_SutroCollectionItalianManuscripts164_12/manifest.json
csl,Italian Manuscripts 163,https://iiif.archivelab.org/iiif/images_SutroCollectionItalianManuscripts163_12/manifest.json
csl,Italian Manuscripts 129,https://iiif.archivelab.org/iiif/images_SutroCollectionItalianManuscripts129_12/manifest.json
csl,Italian Manuscripts 128,https://iiif.archivelab.org/iiif/images_SutroCollectionItalianManuscripts128_12/manifest.json
csl,Italian Manuscripts 127,https://iiif.archivelab.org/iiif/images_SutroCollectionItalianManuscripts127_12/manifest.json
csl,Italian Manuscripts 126,https://iiif.archivelab.org/iiif/images_SutroCollectionItalianManuscripts126_12/manifest.json
csl,Italian Manuscripts 125,https://iiif.archivelab.org/iiif/images_SutroCollectionItalianManuscripts125_12/manifest.json
csl,Italian Manuscripts 123,https://iiif.archivelab.org/iiif/images_SutroCollectionItalianManuscripts123_12/manifest.json
csl,Italian Manuscripts 121,https://iiif.archivelab.org/iiif/images_SutroCollectionItalianManuscripts121_12/manifest.json
csl,Italian Manuscripts 098,https://iiif.archivelab.org/iiif/images_SutroCollectionItalianManuscripts098_12/manifest.json
csl,Italian Manuscripts 089,https://iiif.archivelab.org/iiif/images_SutroCollectionItalianManuscripts089_12/manifest.json
csl,Italian Manuscripts 051,https://iiif.archivelab.org/iiif/images_SutroCollectionItalianManuscripts051_12/manifest.json
csl,Italian Manuscripts 049,https://iiif.archivelab.org/iiif/images_SutroCollectionItalianManuscripts049_12/manifest.json
csl,Italian Manuscripts 048,https://iiif.archivelab.org/iiif/images_SutroCollectionItalianManuscripts048_12/manifest.json
csl,Italian Manuscripts 045,https://iiif.archivelab.org/iiif/images_SutroCollectionItalianManuscripts045_12/manifest.json
csl,Italian Manuscripts 043,https://iiif.archivelab.org/iiif/images_SutroCollectionItalianManuscripts043_12/manifest.json
csl,Italian Manuscripts 042,https://iiif.archivelab.org/iiif/images_SutroCollectionItalianManuscripts042_12/manifest.json
csl,Italian Manuscripts 041,https://iiif.archivelab.org/iiif/images_SutroCollectionItalianManuscripts041_12/manifest.json
csl,Italian Manuscripts 040,https://iiif.archivelab.org/iiif/images_SutroCollectionItalianManuscripts040_12/manifest.json
csl,Italian Manuscripts 031,https://iiif.archivelab.org/iiif/images_SutroCollectionItalianManuscripts031_12/manifest.json
csl,Italian Manuscripts 021,https://iiif.archivelab.org/iiif/images_SutroCollectionItalianManuscripts021_12/manifest.json
csl,Halliwell Phillips MS 04,https://iiif.archivelab.org/iiif/images_SutroCollectionHalliwellPhillipsMS04_12/manifest.json
csl,Halliwell Phillips MS 03,https://iiif.archivelab.org/iiif/images_SutroCollectionHalliwellPhillipsMS03_12/manifest.json
csl,Halliwell Phillips MS 02,https://iiif.archivelab.org/iiif/images_SutroCollectionHalliwellPhillipsMS02_12/manifest.json
csl,Halliwell Phillips MS 01,https://iiif.archivelab.org/iiif/images_SutroCollectionHalliwellPhillipsMS01_12/manifest.json
csl,CSL v096 C3631,https://iiif.archivelab.org/iiif/images_CSLv096C3631_9/manifest.json
csl,CSL v091 B29,https://iiif.archivelab.org/iiif/images_CSLv091B29_9/manifest.json
conception,CA 43,https://iiif.archivelab.org/iiif/images_CA43_15/manifest.json
conception,CA 42,https://iiif.archivelab.org/iiif/images_CA42_15/manifest.json
conception,CA 41,https://iiif.archivelab.org/iiif/images_CA41_15/manifest.json
conception,CA 40,https://iiif.archivelab.org/iiif/images_CA40_15/manifest.json
conception,CA 39,https://iiif.archivelab.org/iiif/images_CA39_15/manifest.json
conception,CA 38,https://iiif.archivelab.org/iiif/images_CA38_15/manifest.json
conception,CA 37,https://iiif.archivelab.org/iiif/images_CA37_15/manifest.json
conception,CA 36,https://iiif.archivelab.org/iiif/images_CA36_15/manifest.json
conception,CA 35,https://iiif.archivelab.org/iiif/images_CA35_15/manifest.json
conception,CA 34,https://iiif.archivelab.org/iiif/images_CA34_15/manifest.json
conception,CA 33,https://iiif.archivelab.org/iiif/images_CA33_15/manifest.json
conception,CA 31,https://iiif.archivelab.org/iiif/images_CA31_15/manifest.json
conception,CA 30,https://iiif.archivelab.org/iiif/images_CA30_15/manifest.json
conception,CA 29,https://iiif.archivelab.org/iiif/images_CA29_15/manifest.json
conception,CA 28,https://iiif.archivelab.org/iiif/images_CA28_15/manifest.json
conception,CA 26,https://iiif.archivelab.org/iiif/images_CA26_15/manifest.json
conception,CA 24,https://iiif.archivelab.org/iiif/images_CA24_15/manifest.json
conception,CA 23,https://iiif.archivelab.org/iiif/images_CA23_15/manifest.json
conception,CA 22,https://iiif.archivelab.org/iiif/images_CA22_15/manifest.json
conception,CA 21,https://iiif.archivelab.org/iiif/images_CA21_15/manifest.json
conception,CA 20,https://iiif.archivelab.org/iiif/images_CA20_15/manifest.json
conception,CA 19,https://iiif.archivelab.org/iiif/images_CA19_15/manifest.json
conception,CA 18,https://iiif.archivelab.org/iiif/images_CA18_15/manifest.json
conception,CA 17,https://iiif.archivelab.org/iiif/images_CA17_15/manifest.json
conception,CA 16,https://iiif.archivelab.org/iiif/images_CA16_15/manifest.json
conception,CA 15,https://iiif.archivelab.org/iiif/images_CA15_15/manifest.json
conception,CA 14,https://iiif.archivelab.org/iiif/images_CA14_15/manifest.json
conception,CA 13,https://iiif.archivelab.org/iiif/images_CA13_15/manifest.json
conception,CA 12,https://iiif.archivelab.org/iiif/images_CA12_15/manifest.json
conception,CA 11,https://iiif.archivelab.org/iiif/images_CA11_15/manifest.json
conception,CA 10,https://iiif.archivelab.org/iiif/images_CA10_15/manifest.json
conception,CA 09,https://iiif.archivelab.org/iiif/images_CA09_15/manifest.json
conception,CA 08,https://iiif.archivelab.org/iiif/images_CA08_15/manifest.json
conception,CA 07,https://iiif.archivelab.org/iiif/images_CA07_15/manifest.json
conception,CA 06,https://iiif.archivelab.org/iiif/images_CA06_15/manifest.json
conception,CA 05,https://iiif.archivelab.org/iiif/images_CA05_15/manifest.json
conception,CA 04,https://iiif.archivelab.org/iiif/images_CA04_15/manifest.json
conception,CA 02,https://iiif.archivelab.org/iiif/images_CA02_15/manifest.json
conception,CA 01,https://iiif.archivelab.org/iiif/images_CA01_15/manifest.json
cuny,MS 1,https://iiif.archivelab.org/iiif/images_MS1_5/manifest.json
grolier,MS 01,https://iiif.archivelab.org/iiif/images_MS01_24/manifest.json
grolier,MS 03,https://iiif.archivelab.org/iiif/images_MS03_24/manifest.json
grolier,MS 04,https://iiif.archivelab.org/iiif/images_MS04_24/manifest.json
grolier,MS 06,https://iiif.archivelab.org/iiif/images_MS06_24/manifest.json
grolier,MS 07,https://iiif.archivelab.org/iiif/images_MS07_24/manifest.json
grolier,MS 09,https://iiif.archivelab.org/iiif/images_MS09_24/manifest.json
grolier,MS 10,https://iiif.archivelab.org/iiif/images_MS10_24/manifest.json
grolier,MS 11,https://iiif.archivelab.org/iiif/images_MS11_24/manifest.json
grolier,MS 12,https://iiif.archivelab.org/iiif/images_MS12_24/manifest.json
grolier,MS 13,https://iiif.archivelab.org/iiif/images_MS13_24/manifest.json
grolier,MS 14,https://iiif.archivelab.org/iiif/images_MS14_24/manifest.json
grolier,MS 16,https://iiif.archivelab.org/iiif/images_MS16_24/manifest.json
grolier,MS 17,https://iiif.archivelab.org/iiif/images_MS17_24/manifest.json
grolier,MS 18,https://iiif.archivelab.org/iiif/images_MS18_24/manifest.json
gts,01 Western,https://iiif.archivelab.org/iiif/images_01Western_23/manifest.json
gts,02 Western,https://iiif.archivelab.org/iiif/images_02Western_23/manifest.json
gts,03 Western,https://iiif.archivelab.org/iiif/images_03Western_23/manifest.json
gts,05 Western,https://iiif.archivelab.org/iiif/images_05Western_23/manifest.json
gts,06 Western,https://iiif.archivelab.org/iiif/images_06Western_23/manifest.json
gts,07 Western,https://iiif.archivelab.org/iiif/images_07Western_23/manifest.json
gts,08 Western,https://iiif.archivelab.org/iiif/images_08Western_23/manifest.json
gts,09 Western,https://iiif.archivelab.org/iiif/images_09Western_23/manifest.json
gts,10 Western,https://iiif.archivelab.org/iiif/images_10Western_23/manifest.json
gts,11 Western,https://iiif.archivelab.org/iiif/images_11Western_23/manifest.json
gts,12 Western,https://iiif.archivelab.org/iiif/images_12Western_23/manifest.json
gts,13 Western,https://iiif.archivelab.org/iiif/images_13Western_23/manifest.json
gts,14 Western,https://iiif.archivelab.org/iiif/images_14Western_23/manifest.json
gts,15 Western,https://iiif.archivelab.org/iiif/images_15Western_23/manifest.json
gts,16 Western,https://iiif.archivelab.org/iiif/images_16Western_23/manifest.json
gts,17 Western,https://iiif.archivelab.org/iiif/images_17Western_23/manifest.json
gts,18 Western,https://iiif.archivelab.org/iiif/images_18Western_23/manifest.json
gts,19 Western,https://iiif.archivelab.org/iiif/images_19Western_23/manifest.json
indiana,Adomeit 21,https://iiif.archivelab.org/iiif/images_Adomeit21_40/manifest.json
indiana,Adomeit 48,https://iiif.archivelab.org/iiif/images_Adomeit48_40/manifest.json
indiana,Adomeit 9,https://iiif.archivelab.org/iiif/images_Adomeit9_40/manifest.json
indiana,Allen 7,https://iiif.archivelab.org/iiif/images_Allen7_40/manifest.json
indiana,Ege 15 ,https://iiif.archivelab.org/iiif/images_Ege15_40/manifest.json
indiana,Gottfried Mss.,https://iiif.archivelab.org/iiif/images_GottfriedMss_40/manifest.json
indiana,Medieval and Renaissance 14,https://iiif.archivelab.org/iiif/images_MedievalandRenaissance14_40/manifest.json
indiana,Medieval and Renaissance 15,https://iiif.archivelab.org/iiif/images_MedievalandRenaissance15_40/manifest.json
indiana,Medieval and Renaissance 2,https://iiif.archivelab.org/iiif/images_MedievalandRenaissance2_40/manifest.json
indiana,Medieval and Renaissance 26,https://iiif.archivelab.org/iiif/images_MedievalandRenaissance26_40/manifest.json
indiana,Medieval and Renaissance 29,https://iiif.archivelab.org/iiif/images_MedievalandRenaissance29_40/manifest.json
indiana,Medieval and Renaissance 30,https://iiif.archivelab.org/iiif/images_MedievalandRenaissance30_40/manifest.json
indiana,Medieval and Renaissance 34,https://iiif.archivelab.org/iiif/images_MedievalandRenaissance34_40/manifest.json
indiana,Medieval and Renaissance 36,https://iiif.archivelab.org/iiif/images_MedievalandRenaissance36_40/manifest.json
indiana,Medieval and Renaissance 46,https://iiif.archivelab.org/iiif/images_MedievalandRenaissance46_40/manifest.json
indiana,Medieval and Renaissance 47,https://iiif.archivelab.org/iiif/images_MedievalandRenaissance47_40/manifest.json
indiana,Medieval and Renaissance 48,https://iiif.archivelab.org/iiif/images_MedievalandRenaissance48_40/manifest.json
indiana,Poole 102,https://iiif.archivelab.org/iiif/images_Poole102_40/manifest.json
indiana,Poole 11,https://iiif.archivelab.org/iiif/images_Poole11_40/manifest.json
indiana,Poole 133,https://iiif.archivelab.org/iiif/images_Poole133_40/manifest.json
indiana,Poole 136,https://iiif.archivelab.org/iiif/images_Poole136_40/manifest.json
indiana,Poole 13,https://iiif.archivelab.org/iiif/images_Poole13_40/manifest.json
indiana,Poole 14,https://iiif.archivelab.org/iiif/images_Poole14_40/manifest.json
indiana,Poole 16,https://iiif.archivelab.org/iiif/images_Poole16_40/manifest.json
indiana,Poole 17,https://iiif.archivelab.org/iiif/images_Poole17_40/manifest.json
indiana,Poole 18,https://iiif.archivelab.org/iiif/images_Poole18_40/manifest.json
indiana,Poole 19,https://iiif.archivelab.org/iiif/images_Poole19_40/manifest.json
indiana,Poole 20,https://iiif.archivelab.org/iiif/images_Poole20_40/manifest.json
indiana,Poole 24,https://iiif.archivelab.org/iiif/images_Poole24_40/manifest.json
indiana,Poole 27,https://iiif.archivelab.org/iiif/images_Poole27_40/manifest.json
indiana,Poole 30,https://iiif.archivelab.org/iiif/images_Poole30_40/manifest.json
indiana,Poole 32,https://iiif.archivelab.org/iiif/images_Poole32_40/manifest.json
indiana,Poole 38,https://iiif.archivelab.org/iiif/images_Poole38_40/manifest.json
indiana,Poole 39,https://iiif.archivelab.org/iiif/images_Poole39_40/manifest.json
indiana,Poole 40,https://iiif.archivelab.org/iiif/images_Poole40_40/manifest.json
indiana,Poole 41,https://iiif.archivelab.org/iiif/images_Poole41_40/manifest.json
indiana,Poole 70,https://iiif.archivelab.org/iiif/images_Poole70_40/manifest.json
indiana,Poole 82,https://iiif.archivelab.org/iiif/images_Poole82_40/manifest.json
indiana,Poole 8,https://iiif.archivelab.org/iiif/images_Poole8_40/manifest.json
indiana,Poole 98,https://iiif.archivelab.org/iiif/images_Poole98_40/manifest.json
indiana,Poole 9,https://iiif.archivelab.org/iiif/images_Poole9_40/manifest.json
indiana,Ricketts 101,https://iiif.archivelab.org/iiif/images_Ricketts101_40/manifest.json
indiana,Ricketts 107,https://iiif.archivelab.org/iiif/images_Ricketts107_40/manifest.json
indiana,Ricketts 108,https://iiif.archivelab.org/iiif/images_Ricketts108_40/manifest.json
indiana,Ricketts 117,https://iiif.archivelab.org/iiif/images_Ricketts117_40/manifest.json
indiana,Ricketts 118,https://iiif.archivelab.org/iiif/images_Ricketts118_40/manifest.json
indiana,Ricketts 120,https://iiif.archivelab.org/iiif/images_Ricketts120_40/manifest.json
indiana,Ricketts 12,https://iiif.archivelab.org/iiif/images_Ricketts12_40/manifest.json
indiana,Ricketts 133,https://iiif.archivelab.org/iiif/images_Ricketts133_40/manifest.json
indiana,Ricketts 136,https://iiif.archivelab.org/iiif/images_Ricketts136_40/manifest.json
indiana,Ricketts 140,https://iiif.archivelab.org/iiif/images_Ricketts140_40/manifest.json
indiana,Ricketts 141,https://iiif.archivelab.org/iiif/images_Ricketts141_40/manifest.json
indiana,Ricketts 144,https://iiif.archivelab.org/iiif/images_Ricketts144_40/manifest.json
indiana,Ricketts 148,https://iiif.archivelab.org/iiif/images_Ricketts148_40/manifest.json
indiana,Ricketts 155,https://iiif.archivelab.org/iiif/images_Ricketts155_40/manifest.json
indiana,Ricketts 157,https://iiif.archivelab.org/iiif/images_Ricketts157_40/manifest.json
indiana,Ricketts 15,https://iiif.archivelab.org/iiif/images_Ricketts15_40/manifest.json
indiana,Ricketts 162,https://iiif.archivelab.org/iiif/images_Ricketts162_40/manifest.json
indiana,Ricketts 177,https://iiif.archivelab.org/iiif/images_Ricketts177_40/manifest.json
indiana,Ricketts 17,https://iiif.archivelab.org/iiif/images_Ricketts17_40/manifest.json
indiana,Ricketts 189,https://iiif.archivelab.org/iiif/images_Ricketts189_40/manifest.json
indiana,Ricketts 191,https://iiif.archivelab.org/iiif/images_Ricketts191_40/manifest.json
indiana,Ricketts 193,https://iiif.archivelab.org/iiif/images_Ricketts193_40/manifest.json
indiana,Ricketts 198,https://iiif.archivelab.org/iiif/images_Ricketts198_40/manifest.json
indiana,Ricketts 19,https://iiif.archivelab.org/iiif/images_Ricketts19_40/manifest.json
indiana,Ricketts 205,https://iiif.archivelab.org/iiif/images_Ricketts205_40/manifest.json
indiana,Ricketts 206,https://iiif.archivelab.org/iiif/images_Ricketts206_40/manifest.json
indiana,Ricketts 20,https://iiif.archivelab.org/iiif/images_Ricketts20_40/manifest.json
indiana,Ricketts 215,https://iiif.archivelab.org/iiif/images_Ricketts215_40/manifest.json
indiana,Ricketts 222,https://iiif.archivelab.org/iiif/images_Ricketts222_40/manifest.json
indiana,Ricketts 225,https://iiif.archivelab.org/iiif/images_Ricketts225_40/manifest.json
indiana,Ricketts 233,https://iiif.archivelab.org/iiif/images_Ricketts233_40/manifest.json
indiana,Ricketts 240,https://iiif.archivelab.org/iiif/images_Ricketts240_40/manifest.json
indiana,Ricketts 24,https://iiif.archivelab.org/iiif/images_Ricketts24_40/manifest.json
indiana,Ricketts 259,https://iiif.archivelab.org/iiif/images_Ricketts259_40/manifest.json
indiana,Ricketts 26,https://iiif.archivelab.org/iiif/images_Ricketts26_40/manifest.json
indiana,Ricketts 274,https://iiif.archivelab.org/iiif/images_Ricketts274_40/manifest.json
indiana,Ricketts 28,https://iiif.archivelab.org/iiif/images_Ricketts28_40/manifest.json
indiana,Ricketts 2,https://iiif.archivelab.org/iiif/images_Ricketts2_40/manifest.json
indiana,Ricketts 30,https://iiif.archivelab.org/iiif/images_Ricketts30_40/manifest.json
indiana,Ricketts 47,https://iiif.archivelab.org/iiif/images_Ricketts47_40/manifest.json
indiana,Ricketts 51,https://iiif.archivelab.org/iiif/images_Ricketts51_40/manifest.json
indiana,Ricketts 63,https://iiif.archivelab.org/iiif/images_Ricketts63_40/manifest.json
indiana,Ricketts 65,https://iiif.archivelab.org/iiif/images_Ricketts65_40/manifest.json
indiana,Ricketts 75,https://iiif.archivelab.org/iiif/images_Ricketts75_40/manifest.json
indiana,Ricketts 79,https://iiif.archivelab.org/iiif/images_Ricketts79_40/manifest.json
indiana,Ricketts 86,https://iiif.archivelab.org/iiif/images_Ricketts86_40/manifest.json
indiana,Ricketts 97,https://iiif.archivelab.org/iiif/images_Ricketts97_40/manifest.json
indiana,Ricketts 9,https://iiif.archivelab.org/iiif/images_Ricketts9_40/manifest.json
indiana,Ricketts C: 1,https://iiif.archivelab.org/iiif/images_RickettsC1_40/manifest.json
indiana,Ricketts C: 3,https://iiif.archivelab.org/iiif/images_RickettsC3_40/manifest.json
indiana,Ricketts D: 5,https://iiif.archivelab.org/iiif/images_RickettsD5_40/manifest.json
indiana,Ricketts H: 21,https://iiif.archivelab.org/iiif/images_RickettsH21_40/manifest.json
indiana,Ricketts III: 25,https://iiif.archivelab.org/iiif/images_RickettsIII25_40/manifest.json
indiana,Ricketts III: 53,https://iiif.archivelab.org/iiif/images_RickettsIII53_40/manifest.json
indiana,Ricketts K: 4,https://iiif.archivelab.org/iiif/Images_RickettsK4_40/manifest.json
indiana,Ricketts K: 6,https://iiif.archivelab.org/iiif/images_RickettsK6_40/manifest.json
indiana,Ricketts K: 8,https://iiif.archivelab.org/iiif/images_RickettsK8_40/manifest.json
indiana,Ricketts L: 1,https://iiif.archivelab.org/iiif/images_RickettsL1_40/manifest.json
indiana,Ricketts L: 2,https://iiif.archivelab.org/iiif/images_RickettsL2_40/manifest.json
indiana,Ricketts L: 3,https://iiif.archivelab.org/iiif/images_RickettsL3_40/manifest.json
kansas,MS 9/1:A10,https://iiif.archivelab.org/iiif/images_1A10_30/manifest.json
kansas,MS 9/1:A11,https://iiif.archivelab.org/iiif/images_1A11_30/manifest.json
kansas,MS 9/1:A12,https://iiif.archivelab.org/iiif/images_1A12_30/manifest.json
kansas,MS 9/1:A13,https://iiif.archivelab.org/iiif/images_1A13_30/manifest.json
kansas,MS 9/1:A14,https://iiif.archivelab.org/iiif/images_1A14_30/manifest.json
kansas,MS 9/1:A15,https://iiif.archivelab.org/iiif/images_1A15_30/manifest.json
kansas,MS 9/1:A16,https://iiif.archivelab.org/iiif/images_1A16_30/manifest.json
kansas,MS 9/1:A17,https://iiif.archivelab.org/iiif/images_1A17_30/manifest.json
kansas,MS 9/1:A18,https://iiif.archivelab.org/iiif/images_1A18_30/manifest.json
kansas,MS 9/1:A19,https://iiif.archivelab.org/iiif/images_1A19_30/manifest.json
kansas,MS 9/1:A1,https://iiif.archivelab.org/iiif/images_1A1_30/manifest.json
kansas,MS 9/1:A20,https://iiif.archivelab.org/iiif/images_1A20_30/manifest.json
kansas,MS 9/1:A21,https://iiif.archivelab.org/iiif/images_1A21_30/manifest.json
kansas,MS 9/1:A22,https://iiif.archivelab.org/iiif/images_1A22_30/manifest.json
kansas,MS 9/1:A23,https://iiif.archivelab.org/iiif/images_1A23_30/manifest.json
kansas,MS 9/1:A24,https://iiif.archivelab.org/iiif/images_1A24_30/manifest.json
kansas,MS 9/1:A2,https://iiif.archivelab.org/iiif/images_1A2_30/manifest.json
kansas,MS 9/1:A3,https://iiif.archivelab.org/iiif/images_1A3_30/manifest.json
kansas,MS 9/1:A4,https://iiif.archivelab.org/iiif/images_1A4_30/manifest.json
kansas,MS 9/1:A5,https://iiif.archivelab.org/iiif/images_1A5_30/manifest.json
kansas,MS 9/1:A6,https://iiif.archivelab.org/iiif/images_1A6_30/manifest.json
kansas,MS 9/1:A7,https://iiif.archivelab.org/iiif/images_1A7_30/manifest.json
kansas,MS 9/1:A8,https://iiif.archivelab.org/iiif/images_1A8_30/manifest.json
kansas,MS 9/1:A9,https://iiif.archivelab.org/iiif/images_1A9_30/manifest.json
kansas,MS 9/1:B10,https://iiif.archivelab.org/iiif/images_1B10_30/manifest.json
kansas,MS 9/1:B1,https://iiif.archivelab.org/iiif/images_1B1_30/manifest.json
kansas,MS 9/1:B3,https://iiif.archivelab.org/iiif/images_1B3_30/manifest.json
kansas,MS 9/1:B4,https://iiif.archivelab.org/iiif/images_1B4_30/manifest.json
kansas,MS 9/1:B5,https://iiif.archivelab.org/iiif/images_1B5_30/manifest.json
kansas,MS 9/1:B6,https://iiif.archivelab.org/iiif/images_1B6_30/manifest.json
kansas,MS 9/1:B7,https://iiif.archivelab.org/iiif/images_1B7_30/manifest.json
kansas,MS 9/1:B9,https://iiif.archivelab.org/iiif/images_1B9_30/manifest.json
kansas,MS 9/1:C1,https://iiif.archivelab.org/iiif/images_1C1_30/manifest.json
kansas,MS 9/1:C3,https://iiif.archivelab.org/iiif/images_1C3_30/manifest.json
kansas,MS 9/1:C4,https://iiif.archivelab.org/iiif/images_1C4_30/manifest.json
kansas,MS 9/2:10,https://iiif.archivelab.org/iiif/images_210_30/manifest.json
kansas,MS 9/2:12,https://iiif.archivelab.org/iiif/images_212_30/manifest.json
kansas,MS 9/2:13,https://iiif.archivelab.org/iiif/images_213_30/manifest.json
kansas,MS 9/2:14,https://iiif.archivelab.org/iiif/images_214_30/manifest.json
kansas,MS 9/2:15,https://iiif.archivelab.org/iiif/images_215_30/manifest.json
kansas,MS 9/2:16,https://iiif.archivelab.org/iiif/images_216_30/manifest.json
kansas,MS 9/2:17,https://iiif.archivelab.org/iiif/images_217_30/manifest.json
kansas,MS 9/2:18,https://iiif.archivelab.org/iiif/images_218_30/manifest.json
kansas,MS 9/2:19,https://iiif.archivelab.org/iiif/images_219_30/manifest.json
kansas,MS 9/2:1,https://iiif.archivelab.org/iiif/images_21_30/manifest.json
kansas,MS 9/2:20,https://iiif.archivelab.org/iiif/images_220_30/manifest.json
kansas,MS 9/2:24,https://iiif.archivelab.org/iiif/images_224_30/manifest.json
kansas,MS 9/2:27,https://iiif.archivelab.org/iiif/images_227_30/manifest.json
kansas,MS 9/2:29,https://iiif.archivelab.org/iiif/images_229_30/manifest.json
kansas,MS 9/2:2,https://iiif.archivelab.org/iiif/images_22_30/manifest.json
kansas,MS 9/2:30,https://iiif.archivelab.org/iiif/images_230_30/manifest.json
kansas,MS 9/2:31,https://iiif.archivelab.org/iiif/images_231_30/manifest.json
kansas,MS 9/2:3,https://iiif.archivelab.org/iiif/images_23_30/manifest.json
kansas,MS 9/2:4,https://iiif.archivelab.org/iiif/images_24_30/manifest.json
kansas,MS 9/2:5,https://iiif.archivelab.org/iiif/images_25_30/manifest.json
kansas,MS 9/2:6,https://iiif.archivelab.org/iiif/images_26_30/manifest.json
kansas,MS 9/2:7,https://iiif.archivelab.org/iiif/images_27_30/manifest.json
kansas,MS 9/2:8,https://iiif.archivelab.org/iiif/images_28_30/manifest.json
kansas,MS 9/2:9,https://iiif.archivelab.org/iiif/images_29_30/manifest.json
kansas,MS 18E:1,https://iiif.archivelab.org/iiif/images_MS18E1_30/manifest.json
kansas,MS 191:10,https://iiif.archivelab.org/iiif/images_MS19110_30/manifest.json
kansas,MS 191:11,https://iiif.archivelab.org/iiif/images_MS19111_30/manifest.json
kansas,MS 191:12,https://iiif.archivelab.org/iiif/images_MS19112_30/manifest.json
kansas,MS 191:13,https://iiif.archivelab.org/iiif/images_MS19113_30/manifest.json
kansas,MS 191:14,https://iiif.archivelab.org/iiif/images_MS19114_30/manifest.json
kansas,MS 191:15,https://iiif.archivelab.org/iiif/images_MS19115_30/manifest.json
kansas,MS 191:1,https://iiif.archivelab.org/iiif/images_MS1911_30/manifest.json
kansas,MS 191:2,https://iiif.archivelab.org/iiif/images_MS1912_30/manifest.json
kansas,MS 191:3,https://iiif.archivelab.org/iiif/images_MS1913_30/manifest.json
kansas,MS 191:4,https://iiif.archivelab.org/iiif/images_MS1914_30/manifest.json
kansas,MS 191:5,https://iiif.archivelab.org/iiif/images_MS1915_30/manifest.json
kansas,MS 191:6,https://iiif.archivelab.org/iiif/images_MS1916_30/manifest.json
kansas,MS 191:7,https://iiif.archivelab.org/iiif/images_MS1917_30/manifest.json
kansas,MS 191:8,https://iiif.archivelab.org/iiif/images_MS1918_30/manifest.json
kansas,MS 191:9,https://iiif.archivelab.org/iiif/images_MS1919_30/manifest.json
kansas,MS 220C:1,https://iiif.archivelab.org/iiif/images_MS220C1_30/manifest.json
kansas,MS A10,https://iiif.archivelab.org/iiif/images_MSA10_30/manifest.json
kansas,MS A15,https://iiif.archivelab.org/iiif/images_MSA15_30/manifest.json
kansas,MS A16,https://iiif.archivelab.org/iiif/images_MSA16_30/manifest.json
kansas,MS A17,https://iiif.archivelab.org/iiif/images_MSA17_30/manifest.json
kansas,MS A18,https://iiif.archivelab.org/iiif/images_MSA18_30/manifest.json
kansas,MS A19,https://iiif.archivelab.org/iiif/images_MSA19_30/manifest.json
kansas,MS A20,https://iiif.archivelab.org/iiif/images_MSA20_30/manifest.json
kansas,MS A28,https://iiif.archivelab.org/iiif/images_MSA28_30/manifest.json
kansas,MS A30,https://iiif.archivelab.org/iiif/images_MSA30_30/manifest.json
kansas,MS A35,https://iiif.archivelab.org/iiif/images_MSA35_30/manifest.json
kansas,MS A6,https://iiif.archivelab.org/iiif/images_MSA6_30/manifest.json
kansas,MS A7,https://iiif.archivelab.org/iiif/images_MSA7_30/manifest.json
kansas,MS B110,https://iiif.archivelab.org/iiif/images_MSB110_30/manifest.json
kansas,MS B15,https://iiif.archivelab.org/iiif/images_MSB15_30/manifest.json
kansas,MS B16,https://iiif.archivelab.org/iiif/images_MSB16_30/manifest.json
kansas,MS B17,https://iiif.archivelab.org/iiif/images_MSB17_30/manifest.json
kansas,MS B18,https://iiif.archivelab.org/iiif/images_MSB18_30/manifest.json
kansas,MS B19,https://iiif.archivelab.org/iiif/images_MSB19_30/manifest.json
kansas,MS B20,https://iiif.archivelab.org/iiif/images_MSB20_30/manifest.json
kansas,MS B21,https://iiif.archivelab.org/iiif/images_MSB21_30/manifest.json
kansas,MS B22,https://iiif.archivelab.org/iiif/images_MSB22_30/manifest.json
kansas,MS B44,https://iiif.archivelab.org/iiif/images_MSB44_30/manifest.json
kansas,MS B61,https://iiif.archivelab.org/iiif/images_MSB61_30/manifest.json
kansas,MS B63,https://iiif.archivelab.org/iiif/images_MSB63_30/manifest.json
kansas,MS B74,https://iiif.archivelab.org/iiif/images_MSB74_30/manifest.json
kansas,MS B89,https://iiif.archivelab.org/iiif/images_MSB89_30/manifest.json
kansas,MS B90,https://iiif.archivelab.org/iiif/images_MSB90_30/manifest.json
kansas,MS B91,https://iiif.archivelab.org/iiif/images_MSB91_30/manifest.json
kansas,MS B92,https://iiif.archivelab.org/iiif/images_MSB92_30/manifest.json
kansas,MS C105,https://iiif.archivelab.org/iiif/images_MSC105_30/manifest.json
kansas,MS C126,https://iiif.archivelab.org/iiif/images_MSC126_30/manifest.json
kansas,MS C131,https://iiif.archivelab.org/iiif/images_MSC131_30/manifest.json
kansas,MS C143,https://iiif.archivelab.org/iiif/images_MSC143_30/manifest.json
kansas,MS C145,https://iiif.archivelab.org/iiif/images_MSC145_30/manifest.json
kansas,MS C147,https://iiif.archivelab.org/iiif/images_MSC147_30/manifest.json
kansas,MS C158,https://iiif.archivelab.org/iiif/images_MSC158_30/manifest.json
kansas,MS C160,https://iiif.archivelab.org/iiif/images_MSC160_30/manifest.json
kansas,MS C164,https://iiif.archivelab.org/iiif/images_MSC164_30/manifest.json
kansas,MS C189,https://iiif.archivelab.org/iiif/images_MSC189_30/manifest.json
kansas,MS C18,https://iiif.archivelab.org/iiif/images_MSC18_30/manifest.json
kansas,MS C195,https://iiif.archivelab.org/iiif/images_MSC195_30/manifest.json
kansas,MS C196,https://iiif.archivelab.org/iiif/images_MSC196_30/manifest.json
kansas,MS C198,https://iiif.archivelab.org/iiif/images_MSC198_30/manifest.json
kansas,MS C19,https://iiif.archivelab.org/iiif/images_MSC19_30/manifest.json
kansas,MS C20,https://iiif.archivelab.org/iiif/images_MSC20_30/manifest.json
kansas,MS C210,https://iiif.archivelab.org/iiif/images_MSC210_30/manifest.json
kansas,MS C21,https://iiif.archivelab.org/iiif/images_MSC21_30/manifest.json
kansas,MS C236,https://iiif.archivelab.org/iiif/images_MSC236_30/manifest.json
kansas,MS C243,https://iiif.archivelab.org/iiif/images_MSC243_30/manifest.json
kansas,MS C246,https://iiif.archivelab.org/iiif/images_MSC246_30/manifest.json
kansas,MS C247,https://iiif.archivelab.org/iiif/images_MSC247_30/manifest.json
kansas,MS C24,https://iiif.archivelab.org/iiif/images_MSC24_30/manifest.json
kansas,MS C251,https://iiif.archivelab.org/iiif/images_MSC251_30/manifest.json
kansas,MS C25,https://iiif.archivelab.org/iiif/images_MSC25_30/manifest.json
kansas,MS C260,https://iiif.archivelab.org/iiif/images_MSC260_30/manifest.json
kansas,MS C264,https://iiif.archivelab.org/iiif/images_MSC264_30/manifest.json
kansas,MS C26,https://iiif.archivelab.org/iiif/images_MSC26_30/manifest.json
kansas,MS C277,https://iiif.archivelab.org/iiif/images_MSC277_30/manifest.json
kansas,MS C27,https://iiif.archivelab.org/iiif/images_MSC27_30/manifest.json
kansas,MS C46,https://iiif.archivelab.org/iiif/images_MSC46_30/manifest.json
kansas,MS C49,https://iiif.archivelab.org/iiif/images_MSC49_30/manifest.json
kansas,MS C54,https://iiif.archivelab.org/iiif/images_MSC54_30/manifest.json
kansas,MS C56,https://iiif.archivelab.org/iiif/images_MSC56_30/manifest.json
kansas,MS C57,https://iiif.archivelab.org/iiif/images_MSC57_30/manifest.json
kansas,MS C58,https://iiif.archivelab.org/iiif/images_MSC58_30/manifest.json
kansas,MS C61,https://iiif.archivelab.org/iiif/images_MSC61_30/manifest.json
kansas,MS C62,https://iiif.archivelab.org/iiif/images_MSC62_30/manifest.json
kansas,MS C64,https://iiif.archivelab.org/iiif/images_MSC64_30/manifest.json
kansas,MS C65,https://iiif.archivelab.org/iiif/images_MSC65_30/manifest.json
kansas,MS C66,https://iiif.archivelab.org/iiif/images_MSC66_30/manifest.json
kansas,MS C67,https://iiif.archivelab.org/iiif/images_MSC67_30/manifest.json
kansas,MS C68,https://iiif.archivelab.org/iiif/images_MSC68_30/manifest.json
kansas,MS C69,https://iiif.archivelab.org/iiif/images_MSC69_30/manifest.json
kansas,MS C70,https://iiif.archivelab.org/iiif/images_MSC70_30/manifest.json
kansas,MS C71,https://iiif.archivelab.org/iiif/images_MSC71_30/manifest.json
kansas,MS C82,https://iiif.archivelab.org/iiif/images_MSC82_30/manifest.json
kansas,MS C90,https://iiif.archivelab.org/iiif/images_MSC90_30/manifest.json
kansas,MS C91,https://iiif.archivelab.org/iiif/images_MSC91_30/manifest.json
kansas,MS C92,https://iiif.archivelab.org/iiif/images_MSC92_30/manifest.json
kansas,MS D113,https://iiif.archivelab.org/iiif/images_MSD113_30/manifest.json
kansas,MS D131,https://iiif.archivelab.org/iiif/images_MSD131_30/manifest.json
kansas,MS D132,https://iiif.archivelab.org/iiif/images_MSD132_30/manifest.json
kansas,MS D133,https://iiif.archivelab.org/iiif/images_MSD133_30/manifest.json
kansas,MS D134,https://iiif.archivelab.org/iiif/images_MSD134_30/manifest.json
kansas,MS D13,https://iiif.archivelab.org/iiif/images_MSD13_30/manifest.json
kansas,MS D14,https://iiif.archivelab.org/iiif/images_MSD14_30/manifest.json
kansas,MS D199,https://iiif.archivelab.org/iiif/images_MSD199_30/manifest.json
kansas,MS D2,https://iiif.archivelab.org/iiif/images_MSD2_30/manifest.json
kansas,MS D31,https://iiif.archivelab.org/iiif/images_MSD31_30/manifest.json
kansas,MS D34,https://iiif.archivelab.org/iiif/images_MSD34_30/manifest.json
kansas,MS D35,https://iiif.archivelab.org/iiif/images_MSD35_30/manifest.json
kansas,MS D37,https://iiif.archivelab.org/iiif/images_MSD37_30/manifest.json
kansas,MS D38,https://iiif.archivelab.org/iiif/images_MSD38_30/manifest.json
kansas,MS D39,https://iiif.archivelab.org/iiif/images_MSD39_30/manifest.json
kansas,MS D3,https://iiif.archivelab.org/iiif/images_MSD3_30/manifest.json
kansas,MS D40,https://iiif.archivelab.org/iiif/images_MSD40_30/manifest.json
kansas,MS D63,https://iiif.archivelab.org/iiif/images_MSD63_30/manifest.json
kansas,MS D66,https://iiif.archivelab.org/iiif/images_MSD66_30/manifest.json
kansas,MS D84,https://iiif.archivelab.org/iiif/images_MSD84_30/manifest.json
kansas,MS E126,https://iiif.archivelab.org/iiif/images_MSE126_30/manifest.json
kansas,MS E12,https://iiif.archivelab.org/iiif/images_MSE12_30/manifest.json
kansas,MS E15,https://iiif.archivelab.org/iiif/images_MSE15_30/manifest.json
kansas,MS E16,https://iiif.archivelab.org/iiif/images_MSE16_30/manifest.json
kansas,MS E17,https://iiif.archivelab.org/iiif/images_MSE17_30/manifest.json
kansas,MS E18,https://iiif.archivelab.org/iiif/images_MSE18_30/manifest.json
kansas,MS E20,https://iiif.archivelab.org/iiif/images_MSE20_30/manifest.json
kansas,MS E22,https://iiif.archivelab.org/iiif/images_MSE22_30/manifest.json
kansas,MS E232,https://iiif.archivelab.org/iiif/images_MSE232_30/manifest.json
kansas,MS E256,https://iiif.archivelab.org/iiif/images_MSE256_30/manifest.json
kansas,MS E34,https://iiif.archivelab.org/iiif/images_MSE34_30/manifest.json
kansas,MS E35,https://iiif.archivelab.org/iiif/images_MSE35_30/manifest.json
kansas,MS E36,https://iiif.archivelab.org/iiif/images_MSE36_30/manifest.json
kansas,MS E71,https://iiif.archivelab.org/iiif/images_MSE71_30/manifest.json
kansas,MS E77,https://iiif.archivelab.org/iiif/images_MSE77_30/manifest.json
kansas,MS E89,https://iiif.archivelab.org/iiif/images_MSE89_30/manifest.json
kansas,MS E91,https://iiif.archivelab.org/iiif/images_MSE91_30/manifest.json
kansas,MS G18,https://iiif.archivelab.org/iiif/images_MSG18_30/manifest.json
kansas,MS G1,https://iiif.archivelab.org/iiif/images_MSG1_30/manifest.json
kansas,MS G50,https://iiif.archivelab.org/iiif/images_MSG50_30/manifest.json
kansas,MS J6:1:1,https://iiif.archivelab.org/iiif/images_MSJ611_30/manifest.json
kansas,MS J6:1:2,https://iiif.archivelab.org/iiif/images_MSJ612_30/manifest.json
kansas,MS J6:2,https://iiif.archivelab.org/iiif/images_MSJ62_30/manifest.json
kansas,MS J6:3:A1,https://iiif.archivelab.org/iiif/images_MSJ63A1_30/manifest.json
kansas,MS J6:3:A2,https://iiif.archivelab.org/iiif/images_MSJ63A2_30/manifest.json
kansas,MS J6:3:A3,https://iiif.archivelab.org/iiif/images_MSJ63A3_30/manifest.json
kansas,MS J6:3:A4,https://iiif.archivelab.org/iiif/images_MSJ63A4_30/manifest.json
kansas,MS J6:3:A5,https://iiif.archivelab.org/iiif/images_MSJ63A5_30/manifest.json
kansas,MS J6:3:B1,https://iiif.archivelab.org/iiif/images_MSJ63B1_30/manifest.json
kansas,MS J6:3:B2,https://iiif.archivelab.org/iiif/images_MSJ63B2_30/manifest.json
kansas,MS J6:3:B3,https://iiif.archivelab.org/iiif/images_MSJ63B3_30/manifest.json
kansas,MS J6:3:B4,https://iiif.archivelab.org/iiif/images_MSJ63B4_30/manifest.json
kansas,MS P368,https://iiif.archivelab.org/iiif/images_MSP368_30/manifest.json
kansas,MS P474,https://iiif.archivelab.org/iiif/images_MSP474_30/manifest.json
kansas,MS P489,https://iiif.archivelab.org/iiif/images_MSP489_30/manifest.json
kansas,MS P493:1,https://iiif.archivelab.org/iiif/images_MSP4931_30/manifest.json
kansas,MS P571,https://iiif.archivelab.org/iiif/images_MSP571_30/manifest.json
kansas,MS P579,https://iiif.archivelab.org/iiif/images_MSP579_30/manifest.json
kansas,Pryce MS C1,https://iiif.archivelab.org/iiif/images_PryceMSC1_30/manifest.json
kansas,Pryce MS C2:1 (formerly Y 103),https://iiif.archivelab.org/iiif/images_PryceMSC21formerlyY103_30/manifest.json
kansas,Pryce MS C2:2 (formerly Y 104),https://iiif.archivelab.org/iiif/images_PryceMSC22formerlyY104_30/manifest.json
kansas,Pryce MS P2A:1,https://iiif.archivelab.org/iiif/images_PryceMSP2A1_30/manifest.json
kansas,Pryce MS P4,https://iiif.archivelab.org/iiif/images_PryceMSP4_30/manifest.json
nelsonatkins,KG 01,https://iiif.archivelab.org/iiif/images_KG01_46/manifest.json
nelsonatkins,KG 02,https://iiif.archivelab.org/iiif/images_KG02_46/manifest.json
nelsonatkins,KG 03,https://iiif.archivelab.org/iiif/images_KG03_46/manifest.json
nelsonatkins,KG 04,https://iiif.archivelab.org/iiif/images_KG04_46/manifest.json
nelsonatkins,KG 05,https://iiif.archivelab.org/iiif/images_KG05_46/manifest.json
nelsonatkins,KG 06,https://iiif.archivelab.org/iiif/images_KG06_46/manifest.json
nelsonatkins,KG 07,https://iiif.archivelab.org/iiif/images_KG07_46/manifest.json
nelsonatkins,KG 08,https://iiif.archivelab.org/iiif/images_KG08_46/manifest.json
nelsonatkins,KG 09,https://iiif.archivelab.org/iiif/images_KG09_46/manifest.json
nelsonatkins,KG 10,https://iiif.archivelab.org/iiif/images_KG10_46/manifest.json
nelsonatkins,KG 13,https://iiif.archivelab.org/iiif/images_KG13_46/manifest.json
nelsonatkins,KG 14,https://iiif.archivelab.org/iiif/images_KG14_46/manifest.json
nelsonatkins,KG 15,https://iiif.archivelab.org/iiif/images_KG15_46/manifest.json
nelsonatkins,KG 18,https://iiif.archivelab.org/iiif/images_KG18_46/manifest.json
nelsonatkins,KG 19,https://iiif.archivelab.org/iiif/images_KG19_46/manifest.json
nelsonatkins,KG 20,https://iiif.archivelab.org/iiif/images_KG20_46/manifest.json
nelsonatkins,KG 21,https://iiif.archivelab.org/iiif/images_KG21_46/manifest.json
nelsonatkins,KG 22,https://iiif.archivelab.org/iiif/images_KG22_46/manifest.json
nelsonatkins,KG 23,https://iiif.archivelab.org/iiif/images_KG23_46/manifest.json
nelsonatkins,KG 24,https://iiif.archivelab.org/iiif/images_KG24_46/manifest.json
nelsonatkins,KG 25,https://iiif.archivelab.org/iiif/images_KG25_46/manifest.json
nelsonatkins,KG 26 (LEV a),https://iiif.archivelab.org/iiif/images_KG26LEVa_46/manifest.json
nelsonatkins,KG 27 (LEV b),https://iiif.archivelab.org/iiif/images_KG27LEVb_46/manifest.json
nelsonatkins,KG 28 (LEV c),https://iiif.archivelab.org/iiif/images_KG28LEVc_46/manifest.json
nelsonatkins,KG 29 (LEV d),https://iiif.archivelab.org/iiif/images_KG29LEVd_46/manifest.json
nelsonatkins,KG 30 (LEV e),https://iiif.archivelab.org/iiif/images_KG30LEVe_46/manifest.json
nelsonatkins,KG 32,https://iiif.archivelab.org/iiif/images_KG32_46/manifest.json
nelsonatkins,KG 33,https://iiif.archivelab.org/iiif/images_KG33_46/manifest.json
nelsonatkins,KG 34,https://iiif.archivelab.org/iiif/images_KG34_46/manifest.json
nelsonatkins,KG 35,https://iiif.archivelab.org/iiif/images_KG35_46/manifest.json
nelsonatkins,KG 36,https://iiif.archivelab.org/iiif/images_KG36_46/manifest.json
nelsonatkins,KG 38,https://iiif.archivelab.org/iiif/images_KG38_46/manifest.json
nelsonatkins,KG 39,https://iiif.archivelab.org/iiif/images_KG39_46/manifest.json
nelsonatkins,KG 40,https://iiif.archivelab.org/iiif/images_KG40_46/manifest.json
nelsonatkins,KG 43,https://iiif.archivelab.org/iiif/images_KG43_46/manifest.json
nyu,Fragment 023,https://iiif.archivelab.org/iiif/images_Fragment023_25/manifest.json
nyu,Fragment 031,https://iiif.archivelab.org/iiif/images_Fragment031_25/manifest.json
nyu,Fragment 040,https://iiif.archivelab.org/iiif/images_Fragment040_25/manifest.json
nyu,Fragment 048,https://iiif.archivelab.org/iiif/images_Fragment048_25/manifest.json
nyu,Fragment 049,https://iiif.archivelab.org/iiif/images_Fragment049_25/manifest.json
nyu,Fragment 051,https://iiif.archivelab.org/iiif/images_Fragment051_25/manifest.json
nyu,Fragment 116,https://iiif.archivelab.org/iiif/images_Fragment116_25/manifest.json
nyu,Fragment 117,https://iiif.archivelab.org/iiif/images_Fragment117_25/manifest.json
providence,Ege MS 1,https://iiif.archivelab.org/iiif/images_EgeMS1_28/manifest.json
providence,Ege MS 2,https://iiif.archivelab.org/iiif/images_EgeMS2_28/manifest.json
providence,Ege MS 3,https://iiif.archivelab.org/iiif/images_EgeMS3_28/manifest.json
providence,Wetmore MS 1,https://iiif.archivelab.org/iiif/images_WetmoreMS1_28/manifest.json
providence,Wetmore MS 2,https://iiif.archivelab.org/iiif/images_WetmoreMS2_28/manifest.json
rome,R.B.R.146.3.Flo,https://iiif.archivelab.org/iiif/images_R_B_R_146_3_Flo_29/manifest.json
rome,sine numero,https://iiif.archivelab.org/iiif/images_sinenumero_29/manifest.json
rutgers,MC 0886:01,https://iiif.archivelab.org/iiif/images_MC088601_6/manifest.json
rutgers,MC 0886:02,https://iiif.archivelab.org/iiif/images_MC088602_6/manifest.json
rutgers,MC 0886:03,https://iiif.archivelab.org/iiif/images_MC088603_6/manifest.json
rutgers,MC 0886:04,https://iiif.archivelab.org/iiif/images_MC088604_6/manifest.json
rutgers,MC 0886:05,https://iiif.archivelab.org/iiif/images_MC088605_6/manifest.json
rutgers,MC 0886:06,https://iiif.archivelab.org/iiif/images_MC088606_6/manifest.json
rutgers,MC 0886:07,https://iiif.archivelab.org/iiif/images_MC088607_6/manifest.json
rutgers,MC 0886:08,https://iiif.archivelab.org/iiif/images_MC088608_6/manifest.json
rutgers,MC 0886:09,https://iiif.archivelab.org/iiif/images_MC088609_6/manifest.json
rutgers,MC 0886:10,https://iiif.archivelab.org/iiif/images_MC088610_6/manifest.json
rutgers,MC 0886:11,https://iiif.archivelab.org/iiif/images_MC088611_6/manifest.json
rutgers,MC 0886:12,https://iiif.archivelab.org/iiif/images_MC088612_6/manifest.json
rutgers,MC 0886:13,https://iiif.archivelab.org/iiif/images_MC088613_6/manifest.json
rutgers,MC 0886:14,https://iiif.archivelab.org/iiif/images_MC088614_6/manifest.json
rutgers,MC 0886:15,https://iiif.archivelab.org/iiif/images_MC088615_6/manifest.json
rutgers,MC 0886:16,https://iiif.archivelab.org/iiif/images_MC088616_6/manifest.json
rutgers,MC 0886:17,https://iiif.archivelab.org/iiif/images_MC088617_6/manifest.json
rutgers,MC 0886:18,https://iiif.archivelab.org/iiif/images_MC088618_6/manifest.json
rutgers,MC 0886:19,https://iiif.archivelab.org/iiif/images_MC088619_6/manifest.json
rutgers,MC 0886:20,https://iiif.archivelab.org/iiif/images_MC088620_6/manifest.json
rutgers,MC 1211,https://iiif.archivelab.org/iiif/images_MC1211_6/manifest.json
rutgers,MC 1220:01,https://iiif.archivelab.org/iiif/images_MC122001_6/manifest.json
rutgers,MC 1220:02,https://iiif.archivelab.org/iiif/images_MC122002_6/manifest.json
rutgers,MC 1220:03,https://iiif.archivelab.org/iiif/images_MC122003_6/manifest.json
rutgers,MC 1220:04,https://iiif.archivelab.org/iiif/images_MC122004_6/manifest.json
rutgers,MC 1220:05,https://iiif.archivelab.org/iiif/images_MC122005_6/manifest.json
rutgers,MC 1220:06,https://iiif.archivelab.org/iiif/images_MC122006_6/manifest.json
rutgers,MC 1220:07,https://iiif.archivelab.org/iiif/images_MC122007_6/manifest.json
rutgers,MC 1220:08,https://iiif.archivelab.org/iiif/images_MC122008_6/manifest.json
rutgers,MC 1220:09,https://iiif.archivelab.org/iiif/images_MC122009_6/manifest.json
rutgers,MC 1220:10,https://iiif.archivelab.org/iiif/images_MC122010_6/manifest.json
rutgers,MC 1220:11,https://iiif.archivelab.org/iiif/images_MC122011_6/manifest.json
rutgers,MC 1220:12,https://iiif.archivelab.org/iiif/images_MC122012_6/manifest.json
rutgers,MC 1220:13,https://iiif.archivelab.org/iiif/images_MC122013_6/manifest.json
rutgers,MC 1220:14,https://iiif.archivelab.org/iiif/images_MC122014_6/manifest.json
rutgers,MC 1220:15,https://iiif.archivelab.org/iiif/images_MC122015_6/manifest.json
rutgers,MC 1220:16,https://iiif.archivelab.org/iiif/images_MC122016_6/manifest.json
rutgers,MC 1220:17,https://iiif.archivelab.org/iiif/images_MC122017_6/manifest.json
rutgers,MC 1220:18,https://iiif.archivelab.org/iiif/images_MC122018_6/manifest.json
rutgers,MC 1220:19,https://iiif.archivelab.org/iiif/images_MC122019_6/manifest.json
rutgers,MC 1220:20,https://iiif.archivelab.org/iiif/images_MC122020_6/manifest.json
rutgers,MC 1220:21,https://iiif.archivelab.org/iiif/images_MC122021_6/manifest.json
rutgers,MC 1225,https://iiif.archivelab.org/iiif/images_MC1225_6/manifest.json
rutgers,MC 1228,https://iiif.archivelab.org/iiif/images_MC1228_6/manifest.json
rutgers,MC 1231:01,https://iiif.archivelab.org/iiif/images_MC123101_6/manifest.json
rutgers,MC 1231:02,https://iiif.archivelab.org/iiif/images_MC123102_6/manifest.json
rutgers,MC 1231:03,https://iiif.archivelab.org/iiif/images_MC123103_6/manifest.json
rutgers,MC 1231:04,https://iiif.archivelab.org/iiif/images_MC123104_6/manifest.json
rutgers,MC 1231:05,https://iiif.archivelab.org/iiif/images_MC123105_6/manifest.json
rutgers,MC 1231:06,https://iiif.archivelab.org/iiif/images_MC123106_6/manifest.json
rutgers,MC 1231:07,https://iiif.archivelab.org/iiif/images_MC123107_6/manifest.json
rutgers,MC 1231:08,https://iiif.archivelab.org/iiif/images_MC123108_6/manifest.json
rutgers,MC 1231:09,https://iiif.archivelab.org/iiif/images_MC123109_6/manifest.json
rutgers,MC 1231:10,https://iiif.archivelab.org/iiif/images_MC123110_6/manifest.json
rutgers,MC 1231:11,https://iiif.archivelab.org/iiif/images_MC123111_6/manifest.json
rutgers,MC 1231:12,https://iiif.archivelab.org/iiif/images_MC123112_6/manifest.json
rutgers,MC 1231:13,https://iiif.archivelab.org/iiif/images_MC123113_6/manifest.json
rutgers,MC 1231:14,https://iiif.archivelab.org/iiif/images_MC123114_6/manifest.json
rutgers,MC 1231:15,https://iiif.archivelab.org/iiif/images_MC123115_6/manifest.json
rutgers,MC 1231:16,https://iiif.archivelab.org/iiif/images_MC123116_6/manifest.json
slu,VFL MS 001,https://iiif.archivelab.org/iiif/images_VFLMS001_44/manifest.json
slu,VFL MS 002,https://iiif.archivelab.org/iiif/images_VFLMS002_44/manifest.json
slu,VFL MS 003,https://iiif.archivelab.org/iiif/images_VFLMS003_44/manifest.json
slu,VFL MS 004,https://iiif.archivelab.org/iiif/images_VFLMS004_44/manifest.json
slu,VFL MS 005,https://iiif.archivelab.org/iiif/images_VFLMS005_44/manifest.json
slu,VFL MS 006,https://iiif.archivelab.org/iiif/images_VFLMS006_44/manifest.json
slu,VFL MS 007,https://iiif.archivelab.org/iiif/images_VFLMS007_44/manifest.json
slu,VFL MS 008,https://iiif.archivelab.org/iiif/images_VFLMS008_44/manifest.json
slu,VFL MS 009,https://iiif.archivelab.org/iiif/images_VFLMS009_44/manifest.json
slu,VFL MS 010,https://iiif.archivelab.org/iiif/images_VFLMS010_44/manifest.json
slu,VFL MS 011,https://iiif.archivelab.org/iiif/images_VFLMS011_44/manifest.json
slu,VFL MS 012,https://iiif.archivelab.org/iiif/images_VFLMS012_44/manifest.json
slu,VFL MS 013,https://iiif.archivelab.org/iiif/images_VFLMS013_44/manifest.json
slu,VFL MS 014,https://iiif.archivelab.org/iiif/images_VFLMS014_44/manifest.json
slu,VFL MS 015,https://iiif.archivelab.org/iiif/images_VFLMS015_44/manifest.json
slu,VFL MS 016,https://iiif.archivelab.org/iiif/images_VFLMS016_44/manifest.json
slu,VFL MS 017,https://iiif.archivelab.org/iiif/images_VFLMS017_44/manifest.json
slu,VFL MS 018,https://iiif.archivelab.org/iiif/images_VFLMS018_44/manifest.json
slu,VFL MS 019,https://iiif.archivelab.org/iiif/images_VFLMS019_44/manifest.json
slu,VFL MS 020,https://iiif.archivelab.org/iiif/images_VFLMS020_44/manifest.json
slu,VFL MS 021,https://iiif.archivelab.org/iiif/images_VFLMS021_44/manifest.json
slu,VFL MS 022,https://iiif.archivelab.org/iiif/images_VFLMS022_44/manifest.json
slu,VFL MS 023,https://iiif.archivelab.org/iiif/images_VFLMS023_44/manifest.json
slu,VFL MS 024,https://iiif.archivelab.org/iiif/images_VFLMS024_44/manifest.json
slu,VFL MS 025,https://iiif.archivelab.org/iiif/images_VFLMS025_44/manifest.json
slu,VFL MS 026,https://iiif.archivelab.org/iiif/images_VFLMS026_44/manifest.json
slu,VFL MS 027,https://iiif.archivelab.org/iiif/images_VFLMS027_44/manifest.json
slu,VFL MS 028,https://iiif.archivelab.org/iiif/images_VFLMS028_44/manifest.json
slu,VFL MS 029,https://iiif.archivelab.org/iiif/images_VFLMS029_44/manifest.json
slu,VFL MS 030,https://iiif.archivelab.org/iiif/images_VFLMS030_44/manifest.json
slu,VFL MS 031,https://iiif.archivelab.org/iiif/images_VFLMS031_44/manifest.json
slu,VFL MS 032,https://iiif.archivelab.org/iiif/images_VFLMS032_44/manifest.json
slu,VFL MS 033,https://iiif.archivelab.org/iiif/images_VFLMS033_44/manifest.json
slu,VFL MS 034,https://iiif.archivelab.org/iiif/images_VFLMS034_44/manifest.json
slu,VFL MS 035,https://iiif.archivelab.org/iiif/images_VFLMS035_44/manifest.json
slu,VFL MS 036,https://iiif.archivelab.org/iiif/images_VFLMS036_44/manifest.json
slu,VFL MS 037,https://iiif.archivelab.org/iiif/images_VFLMS037_44/manifest.json
slu,VFL MS 038,https://iiif.archivelab.org/iiif/images_VFLMS038_44/manifest.json
slu,VFL MS 039,https://iiif.archivelab.org/iiif/images_VFLMS039_44/manifest.json
slu,VFL MS 040,https://iiif.archivelab.org/iiif/images_VFLMS040_44/manifest.json
slu,VFL MS 041,https://iiif.archivelab.org/iiif/images_VFLMS041_44/manifest.json
slu,VFL MS 042,https://iiif.archivelab.org/iiif/images_VFLMS042_44/manifest.json
slu,VFL MS 043,https://iiif.archivelab.org/iiif/images_VFLMS043_44/manifest.json
slu,VFL MS 044,https://iiif.archivelab.org/iiif/images_VFLMS044_44/manifest.json
slu,VFL MS 045,https://iiif.archivelab.org/iiif/images_VFLMS045_44/manifest.json
slu,VFL MS 046,https://iiif.archivelab.org/iiif/images_VFLMS046_44/manifest.json
slu,VFL MS 047,https://iiif.archivelab.org/iiif/images_VFLMS047_44/manifest.json
slu,VFL MS 048,https://iiif.archivelab.org/iiif/images_VFLMS048_44/manifest.json
slu,VFL MS 049,https://iiif.archivelab.org/iiif/images_VFLMS049_44/manifest.json
slu,VFL MS 050,https://iiif.archivelab.org/iiif/images_VFLMS050_44/manifest.json
slu,VFL MS 051,https://iiif.archivelab.org/iiif/images_VFLMS051_44/manifest.json
slu,VFL MS 052,https://iiif.archivelab.org/iiif/images_VFLMS052_44/manifest.json
slu,VFL MS 053,https://iiif.archivelab.org/iiif/images_VFLMS053_44/manifest.json
slu,VFL MS 054,https://iiif.archivelab.org/iiif/images_VFLMS054_44/manifest.json
slu,VFL MS 055,https://iiif.archivelab.org/iiif/images_VFLMS055_44/manifest.json
slu,VFL MS 056,https://iiif.archivelab.org/iiif/images_VFLMS056_44/manifest.json
slu,VFL MS 057,https://iiif.archivelab.org/iiif/images_VFLMS057_44/manifest.json
slu,VFL MS 058,https://iiif.archivelab.org/iiif/images_VFLMS058_44/manifest.json
slu,VFL MS 059,https://iiif.archivelab.org/iiif/images_VFLMS059_44/manifest.json
slu,VFL MS 060,https://iiif.archivelab.org/iiif/images_VFLMS060_44/manifest.json
slu,VFL MS 061,https://iiif.archivelab.org/iiif/images_VFLMS061_44/manifest.json
slu,VFL MS 062,https://iiif.archivelab.org/iiif/images_VFLMS062_44/manifest.json
slu,VFL MS 063,https://iiif.archivelab.org/iiif/images_VFLMS063_44/manifest.json
slu,VFL MS 064,https://iiif.archivelab.org/iiif/images_VFLMS064_44/manifest.json
slu,VFL MS 065,https://iiif.archivelab.org/iiif/images_VFLMS065_44/manifest.json
slu,VFL MS 066,https://iiif.archivelab.org/iiif/images_VFLMS066_44/manifest.json
smith,Ms. 225,https://iiif.archivelab.org/iiif/images_Ms.225_48/manifest.json
smith,Ms. 241,https://iiif.archivelab.org/iiif/images_Ms.241_48/manifest.json
smith,Ms. 254,https://iiif.archivelab.org/iiif/images_Ms.254_48/manifest.json
smith,Ms. 255,https://iiif.archivelab.org/iiif/images_Ms.255_48/manifest.json
smith,Ms. 261,https://iiif.archivelab.org/iiif/images_Ms.261_48/manifest.json
smith,Ms. 263,https://iiif.archivelab.org/iiif/images_Ms.263_48/manifest.json
smith,Ms. 264,https://iiif.archivelab.org/iiif/images_Ms.264_48/manifest.json
smith,Ms. 274,https://iiif.archivelab.org/iiif/images_Ms.274_48/manifest.json
smith,Ms. 288,https://iiif.archivelab.org/iiif/images_Ms.288_48/manifest.json
smith,Ms. 291,https://iiif.archivelab.org/iiif/images_Ms.291_48/manifest.json
wellesley,P1035,https://iiif.archivelab.org/iiif/images_P1035_50/manifest.json