title_as_recorded,title_as_recorded_agr,uniform_title_as_recorded,uniform_title_as_recorded_agr,authorized_titles,standard_title
"""Lancelot Proper""",,,,Roman de Lancelot,Roman de Lancelot
"15th century breviary for feast of August 29,30, September 8",,,,Breviary,Breviary
Ab urbe condita,,,,Ab urbe condita,Ab urbe condita
"Academic exercise (prolusion) on rising early, including an essay on the saying mane citus lectum fuge, and two poems, Surge, age surge, leves, iam convenit arcere somnes ; and Ignavus satrapam dedecet inclytum",,,,Academic treatises; poems; Carmina Elegiaca,Academic treatises; poems; Carmina Elegiaca
Accounts book,,,,Accounts book,Accounts book
Accounts of William Pawlett in Dorset,,,,Accounts book,Accounts book
Acerba,,,,Acerba,Acerba
Acts,,,,Acts,Acts
Aeneid,,,,Aeneid,Aeneid
Agnihotrahomaprayoga,"अग्निहोत्रहोमप्रयोग,",,,Agnihotrahomaprayoga,Agnihotrahomaprayoga
Al Beharistan,,,,Al-Beharistan,Al-Beharistan
Algorismus,,,,Algorismus,Algorismus
"Algorismus, cum glosa / John of Sacro Bosco",,,,Algorismus,Algorismus
Almi viri Francisci Senensis Vita miraculorum fertilis,,,,Almi viri Francisci Senensis vita,Almi viri Francisci Senensis vita
Amadís de Gaula,,,,Amadís de Gaula,Amadís de Gaula
Anthems; known as the Gostling manuscript,,,,Anthems,Anthems
Anthology,,,,Anthology,Anthology
"Antiphon, psalm, and versicle for the aspersion of holy water",,,,Antiphonary; Psalm; Versicle,Antiphonary; Psalm; Versicle
Antiphonal,,,,Antiphonary,Antiphonary
Antiphonal Music,,,,Antiphonary,Antiphonary
"Antiphonal, Temporal (Summer)",,,,Antiphonary,Antiphonary
"Antiphonal, Temporal (Winter)",,,,Antiphonary,Antiphonary
Antiphonarium,,Antiphonal,,Antiphonary,Antiphonary
Antiphonary,,,,Antiphonary,Antiphonary
"Antiphonary, Dominican use",,,,Antiphonary,Antiphonary
"Antiphonary, diurnal (Ambrosian Rite)",,,,Antiphonary,Antiphonary
Antiphoner,,,,Antiphonary,Antiphonary
"Antiphoner, Gradual",,,,Antiphonary; Gradual,Antiphonary; Gradual
"Antoninus Florentinus: Summa Sacrae Theologiae, luris Pontifici et Caesarei",,,,Summa Theologiae,Summa Theologiae
Anwār al-tanzīl wa-asrār al-taʼwīl,انوار التنزيل واسرار التأويل.,Anwār al-tanzīl wa-asrār al-taʼwīl.,انوار التنزيل واسرار التأويل.,Anwār al-tanzīl wa-asrār al-taʼwīl,Anwār al-tanzīl wa-asrār al-taʼwīl
Apocalypse,,,,Apocalypse,Apocalypse
Apparatus in quinque libros Decretalium,,,,Apparatus super libros Decretalium,Apparatus super libros Decretalium
Ars Poetica (Art of Poetry); Carmen seculare; Epistolae (Epistles); Odes,,,,Ars poetica; Carmen seculare; Epistles; Odes,Ars poetica; Carmen seculare; Epistles; Odes
Ars Poetica and Epistulae,,,,Ars poetica; Epistles,Ars poetica; Epistles
Ars poetica,,,,Ars poetica,Ars poetica
Assise of all manner of breade,,,,Assise of all manner of breade,Assise of all manner of breade
Auctoritates logicae veteris,,,,Auctoritates logicae veteris,Auctoritates logicae veteris
Aurora,,,,Aurora,Aurora
"Axiomata, adagia, et dicteria juris",,,,"Axiomata, adagia, et dicteria juris","Axiomata, adagia, et dicteria juris"
"Bartholomaeus de Sancto Concordio, Summa de Casibus Conscientiae (Incunable Leaf)",,,,Summa de casibus conscientiae,Summa de casibus conscientiae
Beatissimi Ieronimi presbiteri in sistum picthagoricum,,,,In sistum picthagoricum,In sistum picthagoricum
Benedictional?,,,,Benedictional,Benedictional
Bhāgavatapurāṇa,بهگوت پوران.,Puranas.,,Puranas,Puranas
Bible,,,,Bible,Bible
Bible Commentary,,,,Bible commentary,Bible commentary
Bible in mnemonic form,,,,Bible,Bible
Bible leaf on uterine vellum,,,,Bible,Bible
Bible study guide,,,,Bible,Bible
"Bible, Atlantic Bible",,,,Bible,Bible
"Bible, Epistles",,,,Bible; Epistles,Bible; Epistles
"Bible, II Kings 13:5 - II Kings 15:10",,,,Bible; Kings,Bible; Kings
"Bible, N. T. , glossed",,,,Bible; New Testament,Bible; New Testament
"Bible, N. T., Mark",,,,Bible; New Testament; Gospel of Mark,Bible; New Testament; Gospel of Mark
"Bible, N.T.",,,,Bible; New Testament,Bible; New Testament
"Bible, N.T., Acts",,,,Bible; New Testament; Acts,Bible; New Testament; Acts
"Bible, N.T., Apocrypha",,,,Bible; New Testament; Apocrypha,Bible; New Testament; Apocrypha
"Bible, N.T., Epistles of James, Peter, and the First Epistle of John",,,,Bible; New Testament; Epistles,Bible; New Testament; Epistles
"Bible, N.T., Ezekiel",,,,Bible; New Testament; Ezekiel,Bible; New Testament; Ezekiel
"Bible, N.T., Gospel of John",,,,Bible; New Testament; Gospel of John,Bible; New Testament; Gospel of John
"Bible, N.T., John",,,,Bible; New Testament; Gospel of John,Bible; New Testament; Gospel of John
"Bible, N.T., Luke",,,,Bible; New Testament; Gospel of Luke,Bible; New Testament; Gospel of Luke
"Bible, N.T., Numbers",,,,Bible; New Testament; Numbers,Bible; New Testament; Numbers
"Bible, N.T., Revelations",,,,Bible; New Testament; Revelations,Bible; New Testament; Revelations
"Bible, N.T., Timothy",,,,Bible; New Testament; Timothy,Bible; New Testament; Timothy
"Bible, O. T.",,,,Bible; Old Testament,Bible; Old Testament
"Bible, O. T., Ecclesiasticus",,,,Bible; Old Testament; Ecclesiasticus,Bible; Old Testament; Ecclesiasticus
"Bible, O.T.",,,,Bible; Old Testament,Bible; Old Testament
"Bible, O.T., Genesis, glossed",,,,Bible; Old Testament; Genesis,Bible; Old Testament; Genesis
"Bible, O.T., Psalter",,,,Bible; Old Testament; Psalter,Bible; Old Testament; Psalter
"Bible, Tours",,,,Bible,Bible
"Bible, glossed Mark",,,,Bible; Gospel of Mark,Bible; Gospel of Mark
"Bible, with glossa ordinaria",,,,Bible; Glossa ordinaria,Bible; Glossa ordinaria
Bible; Notes on a church synod,,,,Bible; Notes on a church synod,Bible; Notes on a church synod
Biblia Sacra Latina,,Bible.,,Bible,Bible
Biblia Veteris et Novi Testamenti,,,,Bible; Old Testament; New Testament,Bible; Old Testament; New Testament
Biblia pequeña,,,,Bible,Bible
"Biblia sacra Latina, liber Prophetarium",,Bible.,,Bible; Prophets,Bible; Prophets
Biblical Commentary,,,,Bible commentary,Bible commentary
Biblical History,,,,Bible history,Bible history
Biblical commentary,,,,Bible commentary,Bible commentary
Biblical commentary on the Old Testament--I Kings - Esther,,,,Bible commentary,Bible commentary
"Biblical commentary on the Pentateuch (Exodus, Leviticus, Numbers)",,,,Bible commentary,Bible commentary
Biblical genealogies,,,,Bible genealogies,Bible genealogies
Bifolium from a book of hours,,,,Book of hours,Book of hours
Bisnu Purān,بسن پران.,Puranas.,,Puranas,Puranas
Bohun Bible,,,,Bible,Bible
Bonum universale de apibus,,,,Bonum universale de apibus,Bonum universale de apibus
Book of Hours,,,,Book of hours,Book of hours
Book of Hours (Bifolium),,,,Book of hours,Book of hours
Book of Hours (Use of Dol.),,,,Book of hours,Book of hours
Book of Hours for Sarum Use,,,,Book of hours,Book of hours
Book of Hours or Psalter,,,,Book of hours; Psalter,Book of hours; Psalter
"Book of Hours, Psalms from Hours of the Virgin",,,,Book of hours; Psalter,Book of hours; Psalter
Book of hours,,,,Book of hours,Book of hours
"Book of Hours, Use of Rome, Heures Mixtes",,,,Book of hours,Book of hours
"Book of Hours, excerpt Hours of the Cross",,,,Book of hours,Book of hours
"Book of Hours, use of Dol",,,,Book of hours,Book of hours
"Book of Hours, use of Evreux",,,,Book of hours,Book of hours
"Book of Hours, use of Paris",,,,Book of hours,Book of hours
"Book of Hours, use of Poitiers",,,,Book of hours,Book of hours
"Book of Hours, use of Rome",,,,Book of hours,Book of hours
Book of Hours; Miniature,,,,Book of hours,Book of hours
Book of hours,,,,Book of hours,Book of hours
Book of hours calendar leaf,,,,Book of hours,Book of hours
Book of hours fragment,,,,Book of hours,Book of hours
"Book of hours, use of Paris",,,,Book of hours,Book of hours
"Book of hours, use of Rome",,,,Book of hours,Book of hours
"Book of hours, use of Rouen",,,,Book of hours,Book of hours
Breviary,,,,Breviary,Breviary
Breviary for Augustinian use,,,,Breviary,Breviary
Breviary of Elisabeth von Walmden,,,,Breviary,Breviary
Breviary or Sequentiary,,,,Breviary; Sequentiary,Breviary; Sequentiary
"Breviary, Psalter",,,,Breviary; Psalter,Breviary; Psalter
"Breviary, Use of Ghent",,,,Breviary,Breviary
"Breviary, noted",,,,Breviary,Breviary
Britton,,,,Britton,Britton
Bucolica,,,,Bucolics,Bucolics
Bucolics,,,,Bucolics,Bucolics
"Bull of Innocent VIII, 1405",,,,Bull,Bull
Caius Plinius secundus de Morte Valerii M.,,,,De morte Valerii Martialis,De morte Valerii Martialis
Calendar,,,,Calendar,Calendar
Calendar for year 1064 AH,,,,Calendar,Calendar
Calendar leaf from a book of hours or breviary,,,,Calendar,Calendar
Calendar table,,,,Calendar,Calendar
Calligraphic manual,,,,Calligraphy,Calligraphy
Canon law,,,,Canon law,Canon law
Canon law (?),,,,Canon law,Canon law
Canon super almanach; De 12 signis et eorum naturis in generali,,,,"Canon super almanach; De 12 signis et eorum naturis in generali
","Canon super almanach; De 12 signis et eorum naturis in generali
"
Canonical Epistles,,,,Epistles,Epistles
Canonziere,,,,Canzoniere,Canzoniere
Capitoli della Scuola di Purificatone della Vergine e di Sancto Zenobiot,,,,Capitoli della Scuola di Purificazione della Vergine e di Santo Zenobio,Capitoli della Scuola di Purificazione della Vergine e di Santo Zenobio
Carmen saeculare,,,,Carmen saeculare,Carmen saeculare
"Carta ejecutoria de Hidalguia granted in favor of Diego de Alarcón Quintana de la Villa de la Torre and his sons, unnamed",,,,Carta executoria de hidalguia,Carta executoria de hidalguia
Carta executoria de hidalguia a pedimiento,,,,Carta executoria de hidalguia,Carta executoria de hidalguia
Cato maior vel de senectute,,,,Cato maior,Cato maior
Cato maior vel de senectute Paradoxa,,,,Cato maior; Paradoxa,Cato maior; Paradoxa
Certain astrological and astronomical figures,,,,Astronomy,Astronomy
"Choir Book, Gradual",,,,Choir book; Gradual,Choir book; Gradual
Choir psalter,,,,Psalter,Psalter
Choirbook leaf with hymn dedicated to Saint Hilarion,,,,Choir book,Choir book
"Chomincia lo libro di lamore di troiolo & da chriseida, Capitulum primum,",,,,Filostrato,Filostrato
Chronicle,,,,Chronicle,Chronicle
"Chronicle, Dominican",,,,Chronicle,Chronicle
Chy commenchent les eures de la crois,,,,Book of hours,Book of hours
Claves sacre scripture,,,,Claves sacre scripture,Claves sacre scripture
Codex,,,,Codex,Codex
"Codex, Liber Sextus",,,,Codex,Codex
Collationes patrum,,,,Lives of the Fathers,Lives of the Fathers
Collectarium,,,,Collectarium,Collectarium
Collection of prayers and selections from the Qurʼān,,,,Qurʼan,Qurʼan
Commentaria super praedicamenta Aristotelis,,,,"Commentary on Aristotle, Categories; Categories","Commentary on Aristotle, Categories; Categories"
Commentaries on Acts of the Apostles,,,,Commentary on Acts; Acts,Commentary on Acts; Acts
Commentaries on Aristotle and Porphyry,,,,Commentary on Aristotle; Commentary on Porphyry,Commentary on Aristotle; Commentary on Porphyry
Commentarii in Politicorum Aristotelis libris,,,,"Commentary on Aristotle, Politics; Politics","Commentary on Aristotle, Politics; Politics"
Commentariorum in Matthaeum Libri Octo,,,,Commentary on Matthew; Gospel of Matthew,Commentary on Matthew; Gospel of Matthew
Commentarius in Ezechielem prophetam,,,,Commentary on Ezekiel; Ezekiel,Commentary on Ezekiel; Ezekiel
Commentary,,,,Commentary,Commentary
"Commentary on Aristotle, Analytica Priora (?)",,,,"Commentary on Aristotle, Prior Analytics; Prior Analytics","Commentary on Aristotle, Prior Analytics; Prior Analytics"
Commentary on Genesis and 1-2 Kings,,,,Commentary on Genesis; Commentary on Kings; Genesis; Kings,Commentary on Genesis; Commentary on Kings; Genesis; Kings
Commentary on the Ephemerides of Regiomontanus,,,,Commentary on the Ephemerides; Ephemerides,Commentary on the Ephemerides; Ephemerides
Commentary on the Pauline Epistles,,,,Commentary on Epistles; Epistles,Commentary on Epistles; Epistles
Compendium historiae in genealogia Christi,,,,Compendium historiae in genealogia Christi,Compendium historiae in genealogia Christi
Compendium in Cantica canticorum,,,,Compendium in Cantica canticorum,Compendium in Cantica canticorum
Compendium theologicae veritatis,,,,Compendium theologicae veritatis,Compendium theologicae veritatis
Computus Cirometralis,,Ars computistica,,Ars computistica,Ars computistica
Confirmation of grants,,,,Grant,Grant
Constitution and rules,,,,Constitution and rules,Constitution and rules
Contra Appionem,,,,Against Apion,Against Apion
Dalāʼil al-khayrāt wa shawāriq al-anwār fī dhikr al-ṣalawāt ʻalá al-nabī al-mukhtār,دلائل الخيرات و شوارق الانوار في ذكر الصلوات على النبي المختار.,Dalāʼil al-khayrāt.,دلائل الخيرات.,Dalāʼil al-khayrāt,Dalāʼil al-khayrāt
Dalāʼil al-khayrāt wa shawāriq al-anwār fī dhikr al-ṣalāh ʻalá al-nabī al-mukhtār,دلائل الخيرات و شوارق الانوار في ذكر الصلاة على النبي المختار.,Dalāʼil al-khayrāt,دلائل الخيرات.,Dalāʼil al-khayrāt,Dalāʼil al-khayrāt
Dalāʼil al-khayrāt wa shawāriq al-anwār fī dhikr al-ṣalāh ʻalá al-nabī al-mukhtār,دلائل الخيرات و شوارق الانوار في ذكر الصلوة على النبي المختار.,Dalāʼil al-khayrāt.,دلائل الخيرات.,Dalāʼil al-khayrāt,Dalāʼil al-khayrāt
Dalāʼil al-khayrāt... etc,دلائل الخيرات... إلخ.,,,Dalāʼil al-khayrāt,Dalāʼil al-khayrāt
Das Amtbuch,,,,Office book,Office book
De Amore Dei,,,,De Amore Dei,De Amore Dei
De Bello Catilinae and De Bello Jugurthinum,,,,De Bello Catilinae; De Bello Jugurthinum,De Bello Catilinae; De Bello Jugurthinum
De Consideratione,,,,De consideratione,De consideratione
De Emendacione Vite sive Regula Vivendi,,,,Emendatio Vitae,Emendatio Vitae
De Officiis,,,,De officiis,De officiis
De Oratore,,,,De oratore,De oratore
De Trinitate,,,,De Trinitate,De Trinitate
De Viribus Herbarum /,,,,De Viribus Herbarum /,De Viribus Herbarum /
De Virtutibus S. Martini,,,,De virtutibus sancti Martini,De virtutibus sancti Martini
De Vita Imperatorum,,,,De Vita imperatorum,De Vita imperatorum
De amore et dilectione Dei (On the love and favor of God); De doctrina dicendi et tacendi (On the doctrine of speaking and keeping silent); De ritu et moribus Indorum (On the rites and ways of the Indians); Historia de preliis Alexandri Magni (History of the battles of Alexander the Great); Pseudo-Sibylline Prophecy; Sermones quattuor (Four sermons),,,,De amore Dei; Liber de doctrina dicendi et tacendi; De ritu et moribus Indorum; Historia de preliis Alexandri Magni; Sibylline Oracles; Sermons,De amore Dei; Liber de doctrina dicendi et tacendi; De ritu et moribus Indorum; Historia de preliis Alexandri Magni; Sibylline Oracles; Sermons
De arca Noe morali et mystica,,,,De arca Noe,De arca Noe
De arte metrica,,,,De arte metrica,De arte metrica
De casu diaboli (On the Fall of the Devil),,,,De casu diaboli,De casu diaboli
De censuris ecclesiasticis; Three papal bulls,,,,Tractatus de censuris ecclesiasticis; Bull,Tractatus de censuris ecclesiasticis; Bull
De civitate Dei,,,,De civitate Dei,De civitate Dei
De claustro animae,,,,De claustro animae,De claustro animae
De conceptu virginali et de originali peccatu,,,,De conceptu virginali et originali peccato,De conceptu virginali et originali peccato
De conscientia aedificandi,,,,De conscientia aedificandi,De conscientia aedificandi
De consideratione (On Consideration),,,,De consideratione,De consideratione
De consolatione philosophiae,,,,De consolatione philosophiae,De consolatione philosophiae
De consolatione philosophiae / Boetius,,De consolatione philosohiae,,De consolatione philosophiae,De consolatione philosophiae
De consolatione philosophiae; De mirabilis mundi; Grammatical treatise ?; Unidentified theological treatise; Miscellany,,,,De consolatione philosophiae; De mirabilibus mundi; Grammar; Theology; Miscellany,De consolatione philosophiae; De mirabilibus mundi; Grammar; Theology; Miscellany
De corpore et sanguine Domini,,,,De corpore et sanguine Domini,De corpore et sanguine Domini
De die iudicii,,,,De die iudicii,De die iudicii
De duobus amantibus,,,,De duobus amantibus,De duobus amantibus
De duodecim abusionibus saeculi,,,,De duodecim abusivis,De duodecim abusivis
De excellentibus ducibus exterarum gentium,,,,De excellentibus ducibus exterarum gentium,De excellentibus ducibus exterarum gentium
De finibus,,,,De finibus,De finibus
De forma honestae vitae; De institutione monachorum,,,,De forma honestae vitae; De institutione monachorum,De forma honestae vitae; De institutione monachorum
De heresis adversus chirstainum fidem,,,,De heresis adversus christianum fidem,De heresis adversus christianum fidem
De humana miseria,,,,De humana miseria,De humana miseria
De intellectu,,,,De intellectu,De intellectu
De ira Dei,,,,De ira Dei,De ira Dei
De legibus,,,,De legibus,De legibus
De libero arbitrio,,,,De libero arbitrio,De libero arbitrio
De locis et mirabilibus mundi,,,,De locis et mirabilibus mundi,De locis et mirabilibus mundi
De ludo schacchorum seu de moribus hominum et officiis nobilium ... etc,,,,Liber super ludo scachorum,Liber super ludo scachorum
De medicina equorum,,,,De medicina equorum,De medicina equorum
De miseria condicionis humane,,,,De Miseria Condicionis Humane,De Miseria Condicionis Humane
De miseriis curialium,,,,De miseriis curialium,De miseriis curialium
De morte Hieronymi ad Damasum,,,,De morte Hieronymi ad Damasum,De morte Hieronymi ad Damasum
De morte Valerii Martialis,,,,De morte Valerii Martialis,De morte Valerii Martialis
De natura rerum,,De natura rerum.,,De natura rerum,De natura rerum
De officiis,,,,De officiis,De officiis
De opificio Dei,,,,De opificio Dei,De opificio Dei
De origine rerum,,,,De origine rerum,De origine rerum
De ortu et obitu sanctorum,,,,De ortu et obitu Patrum,De ortu et obitu Patrum
De patriarchis,,,,De patriarchis,De patriarchis
De perversitate quorundam religiosorum,,,,De perversitate quorundam religiosorum,De perversitate quorundam religiosorum
De processione Spiritus sancti,,,,De processione Spiritus sancti,De processione Spiritus sancti
De quattuor virtutibus caritatis (On the four virtues of charity),,,,De quattuor virtutibus caritatis,De quattuor virtutibus caritatis
De rota verae et falsae religionis,,,,De rota verae et falsae religionis,De rota verae et falsae religionis
De sermone domini in monte habito (On the sermon on the mount) and other treatises; De superbia (On pride) and other treatises; Expositio dominice orationis (Exposition on the lord's prayer),,,,Sermons; De superbia; Orationes,Sermons; De superbia; Orationes
De simplicibus,,,,De simplicibus,De simplicibus
De spectaculis,,,,De spectaculis,De spectaculis
De summo bono,,,,De summo bono,De summo bono
De tribus diebus,,,,De tribus diebus,De tribus diebus
De vera religione,,,,De vera religione,De vera religione
De verbis apostolis,,,,De verbis apostolis,De verbis apostolis
De viris illustribus urbis Romae,,,,De viris illustribus urbis Romae,De viris illustribus urbis Romae
De vita christiana,,,,Vita christiana,Vita christiana
De vita contemplativa,,,,De vita contemplativa,De vita contemplativa
De vita contemplativa et activa,,,,De vita contemplativa,De vita contemplativa
Decretals,,,,Decretals,Decretals
Decretum,,,,Decretals,Decretals
Decretumor Concordantia discordantium canonum,,,,Decretum Gratiani,Decretum Gratiani
Defensio Civitatis Neapolitane Petri Gravina Canonici Neapolitani Carmen quo Perthenope alloquitur,,,,Defensio Civitatis Neapolitanae,Defensio Civitatis Neapolitanae
"Del bene de la vechiezza, Italian translation of De bono senectutis, made by Anchise Straccha of Bolzano (fl. 17th century)",,,,Libro del bene della Vecchiezza,Libro del bene della Vecchiezza
Der ordo iudiciarius,,,,Ordo iudiciarius,Ordo iudiciarius
Devotional book,,,,Devotional book,Devotional book
Devotional exercises on the life of Christ for the seven days of the week,,,,Devotional book,Devotional book
Devotional miscellany,,,,Devotional book,Devotional book
Dialogi,,,,Dialogues,Dialogues
Dialogorum libri IV,,,,Dialogues,Dialogues
"Diary and book of accounts, circa 1654-1666, written from Bedfordshire (Petenhall), Cambridgeshire (Tadlow), Portsmouth, and Windsor Parke near London?",,,,Accounts book,Accounts book
Dicta aliquorum philosophorum,,,,Liber de dictis philosophorum antiquorum,Liber de dictis philosophorum antiquorum
Distinctiones alphabeticae,,,,Distinctiones,Distinctiones
Diurnal,,,,Diurnal,Diurnal
Divina Commedia,,,,Divine Comedy,Divine Comedy
Divinae institutiones,,,,Divinae institutiones,Divinae institutiones
Dīwān Tāj al-ʻārifīn wa-sulṭān al-ʻāshiqīn min al-shuʻarāʼ bi-lā muʻāriḍ ʻUmar ibn Fāriḍ,ديوان تاج العارفين وسلطان العاشقين من الشعراء بلا معارض عمر بن فارض.,Poems,,Poems,Poems
Drawing of Two Men with Fragments of Quran Leaf Pasted On,,,,Qurʼan,Qurʼan
Débat sur le roman de la rose,,,,"The Debate on the ""Romance of the Rose""","The Debate on the ""Romance of the Rose"""
Eiusdem de humana miseria incipit,,,,De Miseria Condicionis Humane,De Miseria Condicionis Humane
Elementa mathematica in libros XV,,,,Elementa mathematica,Elementa mathematica
Elementarium doctrinae rudimentum,,,,Elementarium doctrinae rudimentum,Elementarium doctrinae rudimentum
Enarrationes in psalmos (Expositions on the psalms); Initials (ABC); Prayer,,,,Expositions on the psalms; Prayer,Expositions on the psalms; Prayer
Encheridyon Laurenti pysani presbiteri,,,,Enchiridion,Enchiridion
Enchyridion,,,,Enchiridion,Enchiridion
Enchyridion syxti pictagorici,,,,Enchiridion,Enchiridion
Epigrammata,,,,Epigrammata,Epigrammata
Epistle,,,,Epistles,Epistles
Epistles,,,,Epistles,Epistles
"Epistles of St. Paul, with commentary",,Bible.,,Epistles of St. Paul,Epistles of St. Paul
Epistola Sancti Augustini,,,,Epistles of St. Augustine,Epistles of St. Augustine
Epistola ad Nepotianum,,,,Epistola ad Nepotianum; Epistles,Epistola ad Nepotianum; Epistles
Epistola pertinenti ad la perfectione de la vita contemplationeand other writings.,,,,Epistles,Epistles
Epistolae,,,,Epistles,Epistles
Epistolae S. Pauli et Senecae,,,,Epistles of St. Paul; Epistles of Seneca,Epistles of St. Paul; Epistles of Seneca
Epistolae ad Brutum,,,,Ad Brutum,Ad Brutum
"Epistolae de morte, de magnificentiis, et de miraculis S. Hieronymi",,,,Epistles,Epistles
Epistolae in the Italian translation of Bartolomeo Fontio of Florence (1445-1513),,,,Epistles,Epistles
Epistolae morales ad Lucilium,,,,Epistulae morales ad Lucilium,Epistulae morales ad Lucilium
Epistoli Senece ad beatum Paulum apostolum et eius ad Senecam,,,,Epistolae Senecae ad Paulum et Pauli,Epistolae Senecae ad Paulum et Pauli
Epistula ad Raymundum,,,,Epistula ad Raymundum,Epistula ad Raymundum
Epistulae morales ad Lucilium,,,,Epistulae morales ad Lucilium,Epistulae morales ad Lucilium
Epitaph,,,,Epitaph,Epitaph
Epitome Rerum Romanorum: Libri IV,,,,Epitome Rerum Romanorum,Epitome Rerum Romanorum
Epitome historiarum Trogi Pompeii,,,,Epitome historiarum Trogi Pompeii,Epitome historiarum Trogi Pompeii
Epodon,,,,Epodon,Epodon
Ex Johanne andree super hieronymiano ubi de cupiditate prelatorum edificandi tractat,,,,De conscientia aedificandi,De conscientia aedificandi
Explicit liber de memoria & reminiscentia. Incipit liber de sompno & vigilia,,,,De memoria et reminiscentia; De Somno et vigilia,De memoria et reminiscentia; De Somno et vigilia
Expositio in Job,,,,Expositio in Job,Expositio in Job
Expositio in libros Posteriorum Aristotelis,,,,Commentary on the Posterior Analytics,Commentary on the Posterior Analytics
"Expositio super ""Beati immaculati""",,,,Commentary on the Psalms,Commentary on the Psalms
Expositio super epistolam Pauli ad Romanos,,Commentary on the Epistle to the Romans,,"Commentary on the Epistle to the Romans; Epistles
","Commentary on the Epistle to the Romans; Epistles
"
Exposition of 2 Kings 17:15-16,,,,Commentary on Kings,Commentary on Kings
Exposito Libri Numerorum,,,,Commentary on Numbers,Commentary on Numbers
Extracts from the Glossa Ordinaria,,,,Glossa Ordinaria,Glossa Ordinaria
Facta et dicta memorabilia,,,,Factorum et dictorum memorabilium libri IX,Factorum et dictorum memorabilium libri IX
Factorum et dictorum memorabilium libri IX ...et al,,,,Factorum et dictorum memorabilium libri IX,Factorum et dictorum memorabilium libri IX
Ferial Psalter and Hymnal,,,,Psalter; Hymnal,Psalter; Hymnal
Flores; religious miscellany,,,,Flores; miscellany,Flores; miscellany
Florigelium,,,,Florilegium,Florilegium
"Florilegium, here ""Superbia""",,,,Florilegium,Florilegium
Formulae spiritalis,,,,Formulae Spiritalis Intellegentiae,Formulae Spiritalis Intellegentiae
Fragments from a Gradual,,,,Gradual,Gradual
Garin le Loherain,,,,Garin le Loherain,Garin le Loherain
Geometria,,,,Geometria,Geometria
Georgica,,,,Georgics,Georgics
Georgics,,,,Georgics,Georgics
Geste de Monglane,,Geste de Garin de Monglane.,,Geste de Garin de Monglane,Geste de Garin de Monglane
"Giant Bible, Atlantic Bible",,,,Bible,Bible
Girbert de Mez,,,,Girbert de Metz,Girbert de Metz
Glossa Ordinaria (Incunable leaf),,,,Glossa Ordinaria,Glossa Ordinaria
Glossary,,,,Glossary,Glossary
Glossed Canon Law,,,,Canon law,Canon law
Gospel lectionary,,,,Lectionary,Lectionary
Gradual,,,,Gradual,Gradual
Gradual and Antiphonary,,,,Gradual; Antiphonary,Gradual; Antiphonary
"Gradual, Sanctoral Cycle",,,,Gradual,Gradual
Graecismus,,,,Graecismus,Graecismus
Gregorialis,,,,Gregorialis,Gregorialis
Hādhā Kitāb Ḥiṣn al-ḥaṣīn min kalām Sayyid al-Mursalīn,هذا كتاب حصن الحصين من كلام سيد المرسلين.,Ḥiṣn al-ḥaṣīn min kalām Sayyid al-Mursalīn,,"Ḥiṣn al-ḥaṣīn min kalām Sayyid al-Mursalīn
","Ḥiṣn al-ḥaṣīn min kalām Sayyid al-Mursalīn
"
Hecyra,,,,Hecyra,Hecyra
Here begynneth matins of oure ladi,,,,Book of hours,Book of hours
Hexameron,,,,Hexameron,Hexameron
Hieron sive Opusculum de tyrannide,,,,De tyrannide,De tyrannide
Historia Ecclesiastica Gentis Anglorum,,,,Historia ecclesiastica,Historia ecclesiastica
Historia Francorum extract:Life of Saint Brictius of Tours,,,,Historia Francorum,Historia Francorum
Historia Francorum extracts,,,,Historia Francorum,Historia Francorum
Historia Romana,,Breviarium historiae Romanae,,"Breviarium historiae Romanae
","Breviarium historiae Romanae
"
Historia Scholastica,,,,Historia Scholastica,Historia Scholastica
Historia destructionis Troiae,,,,Historia destructionis Troiae,Historia destructionis Troiae
Historia ecclesiastica,,,,Historia ecclesiastica,Historia ecclesiastica
Historia scholastica,,,,Historia Scholastica,Historia Scholastica
Histories,,,,History,History
History,,,,History,History
"History of France and England during the reigns of Henry IV, Henry V, Henry VI",,,,History of France; History of England,History of France; History of England
Homeliae de tempore,,,,Homeliae de tempore,Homeliae de tempore
Homeliae in Evangelia,,,,Homilies on the Gospels,Homilies on the Gospels
Homeliarum in Ezechielem,,,,Homilies on Ezekiel,Homilies on Ezekiel
Homilarium,,,,Homiliary,Homiliary
Homiliae in Evangelia,,,,Homilies on the Gospels,Homilies on the Gospels
Homiliary,,,,Homiliary,Homiliary
Homilies on Ezechiel,,,,Homilies on Ezekiel,Homilies on Ezekiel
Homilies on the Gospels,,,,Homilies on the Gospels,Homilies on the Gospels
Homily,,,,Homilies,Homilies
Horae Beatae Virginis Mariae,,Book of hours.,,Book of hours,Book of hours
Horae Beatae Virginis Mariae cum Calendario (Book of Hours with Calendar),,Book of hours,,Book of hours,Book of hours
Horologium Sapientiae,,,,Horologium Sapientiae,Horologium Sapientiae
"Horti regii Parisiensis Plantarum Catalogus Secundum seriem ordinatam and Arbores Horti Regii, copied by Francisco de Solleysel Equite D. du Clapier, who signs himself as Auditore studiosissimo ipsius Domini Fagon",,,,Catalogus Plantarum Horti regii parisiensis,Catalogus Plantarum Horti regii parisiensis
Hours of the Virgin,,,,Book of hours,Book of hours
Hymnal,,,,Hymnary,Hymnary
Hymnary,,,,Hymnary,Hymnary
Il Filostrato,,,,Filostrato,Filostrato
Illuminated Missal,,,,Missal,Missal
In Iohannis Evangelium tractatus CXXIV,,,,In Iohannis Evangelium tractatus,In Iohannis Evangelium tractatus
In Joannis Evangelium Tractatus,,,,In Iohannis Evangelium tractatus,In Iohannis Evangelium tractatus
"Incipit Registrum super Tractactum de tribus orbis partibus, ac variis naturis hominum: portentorum, Transformatorum, Necnon de diversis fluminibus aquarum, Insularum et montium,",,,,Tractatus de tribus orbis partibus,Tractatus de tribus orbis partibus
Incipit epistola Petri Damiani de die iudicii,,,,De die iudicii,De die iudicii
Incipit epistola secundi Johannis prima ad parthos,,,,Epistles of John,Epistles of John
"Incipit liber gestorum Barlaam & Iosaphat servorum dei, editus greco sermone a iohanne damasceno",,,,Barlaam et Josaphat,Barlaam et Josaphat
Incipit liber magistri hugonis de operibus trium dierum,,,,De tribus diebus,De tribus diebus
Incipit liber nonus firmiani lactantii de opificio dei sive de hominis formatione,,,,De opificio Dei,De opificio Dei
Incipit officium beate Marie Virginis secundum cursum roman ...,,Office of the Blessed Virgin Mary,,"Office of the Blessed Virgin Mary
","Office of the Blessed Virgin Mary
"
Incipit prefatio magistri hugonis in libro de rota vere religionis,,,,De rota verae et falsae religionis,De rota verae et falsae religionis
Incipit summa magistri petri manducatoris super literam in lucam,,,,Commentary on Luke,Commentary on Luke
Incipit tractatus Ricardi Heremite de Ampoll de amore dei contra amatores mundi,,,,De amore Dei contra amatores mundi,De amore Dei contra amatores mundi
Incipit vita beati Materni Coloniensis Archiepiscopi,,,,Life of the Maternus of Cologne,Life of the Maternus of Cologne
Incipiunt ethimologie et concordantie conclusionum per reverendissimum dominum magistrum petrum de pergamo,,,,"Etymologiae, seu Concordantiae conclusionum Thomae Aquinatis","Etymologiae, seu Concordantiae conclusionum Thomae Aquinatis"
Ineriecto dolentis,,,,Interiectio dolentis,Interiectio dolentis
Inshā-yi Mādhava Rāma. Inshā-yi Dilkushā,انشاى مادهو‌ رام. انشاى دلکشا.,Inshā-yi Mādhava Rāma.,,Inshā-yi Mādhava Rāma; Inshā-yi Dilkushā,Inshā-yi Mādhava Rāma; Inshā-yi Dilkushā
Institutiones grammaticae,,,,Institutiones grammaticae,Institutiones grammaticae
Institutiones juris civilis,,,,Institutiones juris civilis,Institutiones juris civilis
"Institutions, or Advice to his Grandson, in Three Parts",,,,"Institutions, or Advice to his Grandson","Institutions, or Advice to his Grandson"
Interpretationes nominum hebraicorum,,,,"Interpretationes Hebraicorum nominum
","Interpretationes Hebraicorum nominum
"
Invectiva ad indivum et detractorem,,,,Invectiva ad invidum et detractorem,Invectiva ad invidum et detractorem
Islaendernes lovbog,,Jónsbók.,,Jónsbók,Jónsbók
Itinerario del regno di Portogallo,,,,Itinerario del regno di Portogallo,Itinerario del regno di Portogallo
Itinerarium,,,,Itinerarium,Itinerarium
Jónsbók,,Jónsbók.,,Jónsbók,Jónsbók
Kalendar from Book of Hours,,,,Calendar; Book of hours,Calendar; Book of hours
Kalendis Ianuarii luna prout quota erit require literam,,,,Calendar,Calendar
Kalimāt ʻarabīyah ʻalá tartīb ḥurūf al-tahajjī,كلمات عربية على ترتيب حروف التهجي.,Akhtarī kabīr.,,Akhtarī kabīr,Akhtarī kabīr
Khamsah,خمسه.,Khamsah.,خمسه.,Khamsah,Khamsah
Kitāb Uṣūl al-handasah wa-al-ḥisāb,كتاب اصول الهندسة والحساب \,Elements.,,Elements,Elements
Kitāb al-Adwār fī al-mūsīqá,كتاب الادوار في الموسيقى.,Adwār,ادوار,Adwār,Adwār
Kitāb al-Majisṭī,كتاب المجسطي.,Almagest.,,Almagest,Almagest
Kitāb al-kurah al-mutaḥarrikah /,كتاب الكرة المتحركة /,De sphaera quae movetur.,,De sphaera quae movetur,De sphaera quae movetur
Kitāb al-ukar,كتاب الاكر.,De sphaericis.,,De sphaericis,De sphaericis
Kitāb-i Ḥashāyish,کتاب حشايش.,De materia medica.,,De materia medica,De materia medica
Koran,,,,Qurʼan,Qurʼan
L. Coelii firmani Lactancii divinarum institutionum adversus gentiles libri feliciter incipiunt. Et primo incipit liber primus de falsa religione ad Constantinum Imperatorem,,,,Divinae institutiones,Divinae institutiones
La generacion de Adam,,,,La generacion de Adam,La generacion de Adam
"Laberinto de fortuna, o las trescientas",,,,Laberinto de fortuna,Laberinto de fortuna
Laelius de Amicitia,,,,Laelius de amicitia,Laelius de amicitia
Laelius sive de amicitia,,,,Laelius de amicitia,Laelius de amicitia
Lamentatio yeremiae prophetae,,,,Lamentatio Jeremiae,Lamentatio Jeremiae
Lamentations,,,,Lamentations,Lamentations
Large leaf from a breviary containing musical notation,,,,Breviary,Breviary
"Latin Bible, with prologues attributed to St. Jerome and the interpretation of Hebrew names",,,,Bible; Prologues; Interpretation of Hebrew names,Bible; Prologues; Interpretation of Hebrew names
Leaf from Yūsuf va Zulaykhā,,Yūsuf va Zulaykhā.,یوسف و زلیخا.,Yūsuf va Zulaykhā,Yūsuf va Zulaykhā
Leaf from a Book of Hours showing nativity scene,,Book of hours.,,Book of hours,Book of hours
Leaf from a Breviary,,,,Breviary,Breviary
Leaf from a French Book of hours,,Book of hours.,,Book of hours,Book of hours
"Leaf from a bible, including a portion of Genesis",,,,Bible,Bible
Leaf from a book of hours,,,,Book of hours,Book of hours
Leaf from a book of hours or breviary,,,,Book of hour; Breviary,Book of hour; Breviary
Leaf from a manuscript breviary,,,,Breviary,Breviary
Leaf from a medieval book of sermons,,,,Sermons,Sermons
Leaf from a psalter,,,,Psalter,Psalter
Leaf from a vernacular book of hours,,,,Book of hours,Book of hours
Leaf from the Qasidat al-Burda,,,,Qasidat al-Burda,Qasidat al-Burda
Lease,,,,Lease,Lease
Lectio prima,,,,Lectio prima,Lectio prima
Lectionary,,,,Lectionary,Lectionary
Lectionary of Epistle and Gospel readings,,,,Lectionary,Lectionary
Lectionary of the gospels,,,,Lectionary,Lectionary
Lectura super Codicem,,,,Lectura super Codicem,Lectura super Codicem
Legend of St. Blasius,,,,Legend of St. Blasius,Legend of St. Blasius
Letter to Aurelius,,,,Letter to Aurelius,Letter to Aurelius
Letter to Bassula,,,,Letter to Bassula,Letter to Bassula
Letter to Eusebius,,,,Letter to Eusebius,Letter to Eusebius
"Letter to Hugh of St. Victor, refuting Arnulph",,,,Letter to Hugh of St. Victor,Letter to Hugh of St. Victor
Letter to Master William the monk on baptism,,,,Letter to Master William,Letter to Master William
Letters from the Archbishop of Toledo to Emperor Charles V of Spain,,,,Letters to Emperor Charles V of Spain,Letters to Emperor Charles V of Spain
Liber II Meteorum,,,,Meteorologica,Meteorologica
"Liber Sextus Decretalium, commentary on",,,,Commentary on Liber Sextus Decretalium,Commentary on Liber Sextus Decretalium
Liber antiquitatum biblicarum,,,,Liber antiquitatum biblicarum,Liber antiquitatum biblicarum
Liber de vinis,,,,De vinis,De vinis
Liber ethimologiarum,,Etymologiae,,Etymologiae,Etymologiae
Liber gestorum barlaam et Josaphat,,,,Barlaam et Josaphat,Barlaam et Josaphat
Liber lapidum,,,,Liber lapidum,Liber lapidum
Liber metaphisice ; Liber ethicorum,,Metaphysics,,Metaphysics; Nicomachean ethics,Metaphysics; Nicomachean ethics
Liber phisicorum sive auditus phisici,,Physica,,Physics,Physics
Liber primus distinctionum super decretales,,,,Liber primus distinctionum super Decretales,Liber primus distinctionum super Decretales
Liber ruralium commodorum,,Ruralia commoda,,Ruralia commoda,Ruralia commoda
Liber sententiarum,,,,Liber sententiarum,Liber sententiarum
Life of Moses the Ethiopian,,,,Life of Moses the Abyssinian,Life of Moses the Abyssinian
Life of Saint Martin,,,,Life of St. Martin,Life of St. Martin
Life of St. Leucius,,,,Life of St. Leucius,Life of St. Leucius
Litany,,,,Litany,Litany
Litterarum simulationis liber,,,,Litterarum simulationis liber,Litterarum simulationis liber
Liturgical Office,,,,Liturgy,Liturgy
Liturgy,,,,Liturgy,Liturgy
Lives of the Caesars,,,,Lives of the Caesars,Lives of the Caesars
Lives of the Saints,,,,Lives of the Saints,Lives of the Saints
Lives of the fathers,,,,Lives of the fathers,Lives of the fathers
Līlāvatī,لیلاوتى.,Līlāvatī.,,Līlāvatī,Līlāvatī
Logbok islendinga,,Jónsbók.,,Jónsbók,Jónsbók
M ccc lxxxxii. Qui chomincia la fisicha del maestro Aldobrandino da Siena il quale chonpuose in linghua franciescha della santa del chorpo del uomo e di ciaschuno nenbro per se traslatata in volghare per ser Zucchero Bencivenni notaio fiorentino . . .,,,,De regimine sanitatis,De regimine sanitatis
M. V. M. Epigramaton liber primus,,,,Epigrammaton,Epigrammaton
Magna Glossatura in Epistolas Pauli,,,,Magna glossatura,Magna glossatura
Magna Glossatura in Psalmost,,,,Magna glossatura,Magna glossatura
Manevi şerhi,معنوى شرحى,Şerh-i maʻnevi-i şerif,شرح معنوى شريف,"Şerh-i maʻnevi-i şerif
","Şerh-i maʻnevi-i şerif
"
Manipulus florum,,,,Manipulus florum,Manipulus florum
"Manuale in investionibus, professionibus, et iubileis monialium necessarium, ad usum prioris monasterii Rubee vallis",,Manual,,Manual,Manual
Manuscript Bible leaf,,,,Bible,Bible
Manuscript leaf from De casibus virorum illustrium,,De casibus virorum illustrium.,,De casibus virorum illustrium,De casibus virorum illustrium
Manuscript leaf from Interpretationes Hebraicorum nominum,,Interpretationes Hebraicorum nominum.,,"Interpretationes Hebraicorum nominum
","Interpretationes Hebraicorum nominum
"
Manuscript leaf from Physics,,Physics.,,Physics,Physics
"Manuscript leaf from Speculum historiale, Book 29",,Speculum historiale.,,Speculum historiale,Speculum historiale
Manuscript leaf from Summa de poenitentia et matrimonio,,Summa de poenitentia et matrimonio.,,Summa de poenitentia et matrimonio,Summa de poenitentia et matrimonio
Marci Valerii Marcialis Epigramaton Liber Primus Incipit,,,,Epigrammaton,Epigrammaton
Martyrology,,,,Martyrologies,Martyrologies
Massbook,,,,Massbook,Massbook
Matines des trespassez. Au lundi [verso],,,,Matins,Matins
Media Glossatura in Epistolas Pauli,,,,Media Glossatura in Epistolas Pauli,Media Glossatura in Epistolas Pauli
Medical miscellany,,,,Medicine miscellany,Medicine miscellany
Medical recipes,,,,Medical miscellany,Medical miscellany
Medulla Grammatice,,,,Medulla Grammaticae,Medulla Grammaticae
Meteorologica,,,,Meteorologica,Meteorologica
"Milke and hony, or a miscellanious collation of many Christian experiences, sayinges contentes and severall pleases =places of scripturs improved",,,,"Milk and Honey; or, a Miscellaneous Collation of Many Christian Experiences, Sayings, Sentences, and Several Places of Scripture Improved","Milk and Honey; or, a Miscellaneous Collation of Many Christian Experiences, Sayings, Sentences, and Several Places of Scripture Improved"
Miracles of the Virgin,,,,Miracles of the Virgin,Miracles of the Virgin
Miscellany,,,,Miscellany,Miscellany
Missal,,,,Missal,Missal
Missal for Dominican use,,,,Missal,Missal
"Missal, noted",,,,Missal,Missal
Missale,,,,Missal,Missal
Missale estivalis quem comparavit Johannes laicus de rastorf quondam mrg’ coq’ne felicis memorie qui obit in vigilia s. margarethe ac cuius anniversarium datur dominis xxx solidi annuatim ad caritatem.,,,,Missal,Missal
Moralia in Job,,,,Moralia in Job,Moralia in Job
Morte dell'Illustrissimo Signor Troilo Savelli,,,,Morte dell'Illustrissimo Signor Troilo Savelli,Morte dell'Illustrissimo Signor Troilo Savelli
Mémoires sur les choses qui se sont pass?es en France,,,,Mémoires sur les choses qui se sont passées en France,Mémoires sur les choses qui se sont passées en France
Naturalis Historia,,,,Naturalis Historia,Naturalis Historia
Nobilis et discretus vir dominus marcuspaulo de veneciis cum xxvi annis continuis,,,,Milione,Milione
Noted service book.,,,,Service book,Service book
Observations upon the rise and progress of the late Rebellion against King Charles the First,,,,Observations upon the rise and progress of the late Rebellion against King Charles the First,Observations upon the rise and progress of the late Rebellion against King Charles the First
Opusculum pulcherrimum de memorie naturalis reparatione,,,,De memorie naturalis reparatione,De memorie naturalis reparatione
Oratio,,,,Orationes,Orationes
Oratio pro se ipso <?>,,,,Orationes,Orationes
Orationes,,,,Orationes,Orationes
Orationes including Lucian of Samosata's Scipio,,,,Orationes,Orationes
Orationes itinerantium,,,,Orationes,Orationes
Order for peaceable behavior,,,,Order for peaceable behavior,Order for peaceable behavior
"Ordo ad confitendum de septem peccatibus mortalibus, et de condictionibus ea aggrauantibus, de x preceptis et vii virtutibus. De v sensibus et iii potentiis animae. De vii operibus misericordie corporalibus et sex spiritualibus Incipit prologus",,,,Ordo ad confitendum de septem peccatibus mortalibus,Ordo ad confitendum de septem peccatibus mortalibus
"Oreste e Pylade, a tragedy",,,,Oreste e Pylade,Oreste e Pylade
Organon and related texts,,,,Organon,Organon
Otia imperialia,,Otia imperialia,,Otia imperialia,Otia imperialia
Panormia,,,,Panormia,Panormia
Paradoxa,,,,Paradoxa,Paradoxa
Paschale carmen,,,,"Paschale carmen
","Paschale carmen
"
Pattern-book,,,,Pattern-book,Pattern-book
"Pattern-book of bridles, bits and straps",,,,Pattern-book,Pattern-book
Penitential Psalms and fifteen Gradula Psalms,,,,Psalter,Psalter
Peri Hermenias,,,,Periermenias,Periermenias
Periermenias Aristotelis ... etc,,,,Periermenias,Periermenias
Phaedon,,Phaedo.,,Phaedo,Phaedo
Phalaridis Epistolae,,,,Phalaridis Epistolae,Phalaridis Epistolae
Physica,,,,Physics,Physics
Plinii Veronensis de Viris illustribus Liber incipit feliciter. In nomine domini,,,,De Viris illustribus,De Viris illustribus
Poems based on the Seven Penitential Psalms,,,,Poems on the Seven Penitential Psalms,Poems on the Seven Penitential Psalms
"Poems, letters, prose",,,,Poems; Letters,Poems; Letters
Poetry,,,,Poems,Poems
Pontifical,,,,Pontifical,Pontifical
Pontifical and Missal,,,,Pontifical; Missal,Pontifical; Missal
Postilla in libro Ecclesiastico,,,,Commentary on Ecclesiastes,Commentary on Ecclesiastes
Postilla super totam Bibliam,,,,Commentary on the Bible,Commentary on the Bible
Prayer,,,,Prayers,Prayers
Prayerbook,,,,Prayers,Prayers
Prayers,,,,Prayers,Prayers
Prayers and devotional poems,,,,Prayers; devotional poems,Prayers; devotional poems
Prefaces to martyrologies,,,,Martyrologies,Martyrologies
Privilegia et documenta de monasterium S. Zenonis aiorii Veronae spectantia ab anno 883 usque ad annum 1533,,,,Privileges,Privileges
Pro Cluentio,,,,Pro Cluentio,Pro Cluentio
Probi Emilii liber de excellentissimus ducibus exterarum gentium feliciter incipit,,,,De excellentibus ducibus exterarum gentium,De excellentibus ducibus exterarum gentium
Processional,,,,Processional,Processional
Processional; Astronomical Text binding fragment,,,,Processional; Astronomy,Processional; Astronomy
Prologue to Liber questionum hebraicarum in Genesim,,,,Liber quaestionum Hebraicarum in Genesim,Liber quaestionum Hebraicarum in Genesim
Prologue to the Vitaspatrum Life of Macarius,,,,Life of Macarius,Life of Macarius
Psalms and Canticles,,,,Psalter,Psalter
Psalter,,,,Psalter,Psalter
Psalter for choir use,,,,Psalter,Psalter
Psalter of the Virgin,,,,Psalter,Psalter
"Psalter, diurnal",,,,Psalter,Psalter
"Psalter, ferial",,,,Psalter,Psalter
Quadragesimale,,,,Quadragesimale,Quadragesimale
Questiones Super Secundo Sententiarum,,,,Questiones Super Secundo Sententiarum,Questiones Super Secundo Sententiarum
Questiones logicales ... etc,,,,Questiones logicales,Questiones logicales
Quinque libri Egesippi nacione Judei de excidio iudeorum,,De bello Judaico.,,De bello Judaico,De bello Judaico
Quit claim,,,,Quitclaim,Quitclaim
Quod unigentius dei filius propter formam servi minor patri dicatur qui informa dei aequalis est patri ex eodem de trinitate libro primo titulo viii.,,,,Unigenitus Dei Filius,Unigenitus Dei Filius
Quodlibeta / James of Viterbo ...et al,,,,Quodlibet,Quodlibet
Qur'ān leaf,,Qurʼan.,قرآن.,Qurʼan,Qurʼan
Quran Leaf,,,,Qurʼan,Qurʼan
Quran Leaves,,,,Qurʼan,Qurʼan
Qurʼān leaves,,Qurʼan.,قرآن.,Qurʼan,Qurʼan
Qurʼān selections and prayers,,Qurʼan.,,Qurʼan,Qurʼan
Rabanus de origine rerum,,,,De rerum naturis,De rerum naturis
"Ranulph Higden, Polychronicon Translation by John Trevisa",,,,Polychronicon,Polychronicon
Rayḥānat murtāḥ min Kitāb Rayḥān al-arwāḥ,,Rayḥān al-arwāḥ,,Rayḥān al-arwāḥ,Rayḥān al-arwāḥ
Re'gime du corps,,,,Régime du corps,Régime du corps
Receipt,,,,Receipts,Receipts
Receipt book,,,,Receipts,Receipts
Recipe against worms,,,,Medicine miscellany,Medicine miscellany
Recueil de diverses recettes médécinales,,,,Medicine miscellany,Medicine miscellany
Registrum Alphabeticum super octo libros Ptolomei Incipit feliciter,,,,Registrum Alphabeticum,Registrum Alphabeticum
Registrum aplphabeticum super octo libros Ptolomei,,,,Registrum Alphabeticum,Registrum Alphabeticum
Relazione d'Inghilterra,,,,Relazione d'Inghilterra,Relazione d'Inghilterra
Religiosorum status triplex,,,,Religiosorum status triplex,Religiosorum status triplex
Religious text,,,,Religious text,Religious text
Report of a miracle,,,,Miracles,Miracles
Requiem Mass and Office for the dead,,,,Office for the dead,Office for the dead
Rhetorica ad Herennium,,,,Rhetorica ad Herennium,Rhetorica ad Herennium
Rhyming verse,,,,Poems,Poems
Rime disperse,,,,Rime disperse,Rime disperse
Roman law,,,,Roman law,Roman law
Rubric: Predictis repetit ut alia addat differentias ponens de gratia et libero arbitrio,,,,Sententiae,Sententiae
Rule,,,,Rules,Rules
Rule of Living,,,,Rule of Living,Rule of Living
Rules of the Brotherhood of the Archangel Michael,,,,Rules of the Brotherhood of the Archangel Michael,Rules of the Brotherhood of the Archangel Michael
Sacramentary,,,,Sacramentary,Sacramentary
Saint's Life,,,,Lives of the Saints,Lives of the Saints
Saints Lives,,,,Lives of the Saints,Lives of the Saints
Saints lives,,,,Lives of the Saints,Lives of the Saints
Saṃkṣepaśārīraka,संक्षेपशारीरक.,Saṅkṣepaśārīraka.,,Saṃkṣepaśārīraka,Saṃkṣepaśārīraka
Saṃkṣepaśārīraka,"संक्षेपशारीरक,",Saṅkṣepaśārīraka.,,Saṃkṣepaśārīraka,Saṃkṣepaśārīraka
Sanctus hieronymus ad nepotianum de modo vivendi sic ait,,,,Epistola ad Nepotianum,Epistola ad Nepotianum
Satires,,,,Satires,Satires
Sayings,,,,Sayings,Sayings
Scholastic work,,,,Scholastic work,Scholastic work
Scholia in Novem Testamentum,,Bible.,,Bible,Bible
Scientific miscellany,,,,Scientific miscellany,Scientific miscellany
Scriptum super Sententiis,,,,Scriptum super Sententiis,Scriptum super Sententiis
Secreta secretorum (Secrets of Secrets),,,,Secrets of Secrets,Secrets of Secrets
Secundum consuetudinem ecclesie yspalensis,,,,Book of hours,Book of hours
Selections from commentaries on Alfīyat Ibn Mālik,,,,Commentaries on Alfīyat Ibn Mālik,Commentaries on Alfīyat Ibn Mālik
Sententia ex Augustino delibitae,,,,Sententiae,Sententiae
Sentenzie,,,,Sententiae,Sententiae
Sentiarium libri quatuor,,,,Sententiae,Sententiae
Sequentiary with commentary,,,,Sequentiary,Sequentiary
Sequitur ad complectorium,,,,Ad complectorium,Ad complectorium
Sequitur invective Alani ad invidum et detractorem,,,,Invectiva ad invidum et detractorem,Invectiva ad invidum et detractorem
Sequitur liber octavus lactantii firmani de ira dei ad donatum,,,,De ira Dei,De ira Dei
Sermo Beati Bernardi de perfectione monastice discipline,,,,Sermo de perfectione monastice discipline,Sermo de perfectione monastice discipline
Sermo Beati Bernardi de regno Christi et diaboli,,,,De regno Christi et diaboli,De regno Christi et diaboli
"Sermo beati bernardi de perfectione monstice discipline Incipit, lege foeliciter",,,,Sermo de perfectione monastice discipline,Sermo de perfectione monastice discipline
Sermo beati bernardi de regno christi et diaboli,,,,De regno Christi et diaboli,De regno Christi et diaboli
Sermo de spiritu sancto,,,,Sermo de spiritu sancto,Sermo de spiritu sancto
Sermon,,,,Sermons,Sermons
"Sermon-writing aid, in alphabetical order",,,,Sermons,Sermons
Sermones,,,,Sermons,Sermons
Sermones,,Miscellany,,Sermons,Sermons
Sermones de Tempore et de Sanctis; Summa Sermonum (fragment),,,,Sermones de Tempore et de Sanctis; Summa Sermonum,Sermones de Tempore et de Sanctis; Summa Sermonum
Sermons,,,,Sermons,Sermons
Sermons and Epistles,,,,Sermons; Epistles,Sermons; Epistles
Sermons for the temporale,,,,Sermons for the temporale,Sermons for the temporale
"Sermons of Barnardine Ochine of Sena, Godly frutfull and very necessary for all treue Christians translatid owt of Italian into Englishe",,,,Sermons,Sermons
Seven petitions of the Lord's Prayer,,,,Seven petitions of the Lord's Prayer,Seven petitions of the Lord's Prayer
Shah-nameh,,Shāhnāmah,,Shāhnāmah,Shāhnāmah
Sharḥ-i Nahj al-balāghah,شرح فارسى نهج البلاغه,Sharḥ Nahj al-balāghah.,شرح نهج البلاغة.,Sharḥ-i Nahj al-balāghah,Sharḥ-i Nahj al-balāghah
Sharḥ-i Zīj-i Ulugh Bēg,شرح زيج الغ بيگ.,Sharḥ-i Zīj-i jadīd-i Sulṭānī.,شرح زيج جديد سلطانى.,Sharḥ-i Zīj-i jadīd-i Sulṭānī,Sharḥ-i Zīj-i jadīd-i Sulṭānī
Shānāmah,,Shānāmah,,Shāhnāmah,Shāhnāmah
Six antiphonal vellum leaves,,,,Antiphonary,Antiphonary
Sonnets,,,,Sonnets,Sonnets
Speculum ecclesiae sive expositio missae,,,,Expositio missae sive Speculum ecclesiae,Expositio missae sive Speculum ecclesiae
"Speculum historiale, Books 25-28",,Speculum historiale.,,Speculum historiale,Speculum historiale
Statuta Angliae,,,,Statuta Angliae,Statuta Angliae
Statuta nova (New Statutes),,,,New Statutes,New Statutes
Statuta vetera (Old Statutes),,,,Antiqua statuta,Antiqua statuta
Statuta vetera (Old statutes),,,,Antiqua statuta,Antiqua statuta
Stephen Langton Interpretation of Hebrew Names of Bible,,,,"Interpretationes Hebraicorum nominum
","Interpretationes Hebraicorum nominum
"
Summa codicis,,,,Summa codicis,Summa codicis
Summa contra gentiles,,,,Summa contra gentiles,Summa contra gentiles
Summa de casibus conscientiae,,,,Summa de casibus conscientiae,Summa de casibus conscientiae
Summary of the Moralia in Job,,,,Moralia in Job,Moralia in Job
Summer Missale,,,,Missal,Missal
Sureties for peaceable behavior,,,,Sureties for peaceable behavior,Sureties for peaceable behavior
Synonyma,,,,Synonyma,Synonyma
Table of Contents,,,,Table of Contents,Table of Contents
Tabule illustrissimi principis regis alfonsii ... etc,,Alphonsine Tables.,,Alphonsine Tables,Alphonsine Tables
Tanbīh al-ghāfilīn,,,,Tanbīh al-ghāfilīn,Tanbīh al-ghāfilīn
Tanbīh al-ghāfilīn wa-īḍāḥ sabīl al-murshidīn,تنبيه الغافلين وايضاح سبيل المرشدين.,Tanbīh al-ghāfilīn.,تنبيه الغافلين.,Tanbīh al-ghāfilīn,Tanbīh al-ghāfilīn
Tattvaviveka,"तत्त्वविवेक,",Vedāntatattvaviveka,,Vedāntatattvaviveka,Vedāntatattvaviveka
The romance of Troilus and Criseida,,,,Troilus and Criseida,Troilus and Criseida
Theological material,,,,Theological miscellany,Theological miscellany
Theological material?,,,,Theological miscellany,Theological miscellany
Thesaurus pauperum ... etc,,,,Thesaurus pauperum,Thesaurus pauperum
"Three legal treatises on civil and ecclesiastical law, with medicinal recipes, and notes and accounts related to the quartering of soldiers, probably in and near Hertfordshire (Broxbourne, Hoddesdon, and Epping), dated from 1639-1647",,,,Legal treatises; Medicinal recipes,Legal treatises; Medicinal recipes
Théseus de Cologne,,,,Théseus de Cologne,Théseus de Cologne
Tituli Metrici de S.o Martino or Sylloge Epigraphica Turonensis de Sancto Martino,,,,Sylloge epigraphica Turonensis de S. Martino,Sylloge epigraphica Turonensis de S. Martino
Tractatum de spera ... etc,,Sphaera mundi,,Sphaera mundi,Sphaera mundi
Tractatus Ricardi Heremite de emendacione Vite sive Regula vivendi,,,,Emendatio Vitae,Emendatio Vitae
Tractatus Ricardi Heremite de hoc nomine Ihesus,,,,De nomine Ihesu,De nomine Ihesu
Tractatus de horis canonicis ...et al,,Miscellany.,,Miscellany,Miscellany
Tractatus de maleficiis (Treatise on evil deeds),,,,Treatise on evil deeds,Treatise on evil deeds
Tractatus de militia,,,,Tractatus de militia,Tractatus de militia
Tractatus de veneno spirituali,,,,De veneno spirituali,De veneno spirituali
Tractatus iudiciarii ordinis divisus in octo partes sive subtractatus,,,,Tractatus iudiciarii ordinis,Tractatus iudiciarii ordinis
Tractatus sancti bernardi de hedifficanda domo spirituali atque interni et de nobilitate conscientie et septem columpnis eius,,,,De hedifficanda domo spirituali atque interni et de nobilitate conscientie et septem columpnis eius,De hedifficanda domo spirituali atque interni et de nobilitate conscientie et septem columpnis eius
Trattato delle proportioni et proportionalità,,,,Trattato delle proportioni et proportionalità,Trattato delle proportioni et proportionalità
Travels of Sir John Mandeville,,,,Travels of Sir John Mandeville,Travels of Sir John Mandeville
Treatise on canon law,,,,Canon law,Canon law
Treatise on composing letters,,,,Treatise on composing letters,Treatise on composing letters
"Trumpet or organ? tablature, music notation principally to accompany sacred texts",,,,Tablature,Tablature
Tusculanae disputationes,,,,Tusculanae disputationes,Tusculanae disputationes
Two Leaves from a French Gradual,,Gradual.,,Gradual,Gradual
"Two documents relating to Halfhead Farm, near Shallowford in Staffordshire, 1660-1683",,,,Documents,Documents
Two leaves from a breviary,,,,Breviary,Breviary
Uṣūl al-handasah wa-al-ḥisāb /,اصول الهندسة والحساب /,Elements.,,Elements,Elements
Uṣūl al-handasah wa-al-ḥisāb. Fī bayān al-murabbaʻāt,اصول الهندسة والحساب. في بيان المربعات.,Elements.,,Elements,Elements
Vāmanasūkta,"वामनसूक्त,",Vedas.,,Vedas,Vedas
Verses about Saint Martin,,,,Poems on St Martin,Poems on St Martin
Vesperale,,,,Vesperale,Vesperale
"Via salutis, del dieta",,Diaeta salutis,,Diaeta salutis,Diaeta salutis
Viaticum,,,,Viaticum,Viaticum
Viridiarum consolationis,,,,Viridarium consolationis,Viridarium consolationis
Vita S. Pauli primi eremitae,,,,Life of St. Paul,Life of St. Paul
Vita beati Francisci ...et al,,Lives of the Saints.,,Lives of the Saints,Lives of the Saints
Vita divi Ildefonsi per Julianum,,,,Vita Ildefonsi,Vita Ildefonsi
Vitae Caesarum,,,,The Twelve Caesars,The Twelve Caesars
Vitae sanctorum,,,,Lives of the Saints,Lives of the Saints
Vitaspatrum,,,,Lives of the Fathers,Lives of the Fathers
Volgare Expositione della Sacra et sancta Oratione,,,,Expositione della Sacra et sancta Oratione,Expositione della Sacra et sancta Oratione
Volgare Expositione della Sacra et sancta Oratione Dominica Fatta da Frata Piero del Paradiso. Ad Suora Raphaella de Bernardi Ho... in christo Come Madre a llui Carissima,,,,Expositione della Sacra et sancta Oratione,Expositione della Sacra et sancta Oratione
Väterbuch,,,,Apophthegmata Patrum,Apophthegmata Patrum
Will,,,,Will,Will
Will?,,,,Will,Will
Writ,,,,Writ,Writ
Writ of Praecipe,,,,Writ,Writ
Ymage du monde,,Image du monde.,,Image du monde,Image du monde
Ynstruction of the ephimeredes,,,,"Opusculum astrologicum, ex diversorum libris, summa cura pro studiosorum utilitate collectum","Opusculum astrologicum, ex diversorum libris, summa cura pro studiosorum utilitate collectum"
Ziyārat-i ʻĀshūrāʼ,زیارت عاشوراء.,,,Ziyārat-i ʻĀshūrāʼ,Ziyārat-i ʻĀshūrāʼ
Z̲akhīrah-ʹi Khvārazmshāhī,ذخيره‌ خوارزم‌شاهى.,,,Z̲akhīrah-ʹi Khvārazmshāhī,Z̲akhīrah-ʹi Khvārazmshāhī
al-Juzʼ al-awwal,الجزء الاول.,Qurʼan.,قرآن.,Qurʼan,Qurʼan
al-Juzʼ al-ḥādī wa-al-ʻishrūn,الجزء الحادي والعشرون.,Qurʼan.,قرآن.,Qurʼan,Qurʼan
al-Juzʼ al-ḥādī ʻashr,الجزء الحادي عشر.,Qurʼan.,قرآن.,Qurʼan,Qurʼan
al-Juzʼ al-khāmis wa-al-ʻishrūn,الجزء الخامس والعشرون.,Qurʼan.,قرآن.,Qurʼan,Qurʼan
al-Juzʼ al-khāmis ʻashar min al-rabʻah al-sharīfah,الجزء الخامس عشر من الربعة الشريفة.,Qurʼan.,قرآن.,Qurʼan,Qurʼan
al-Juzʼ al-rābiʻ,الجزء الرابع.,Qurʼan.,قرآن.,Qurʼan,Qurʼan
al-Juzʼ al-rābiʻ wa-al-ʻishrūn,الجزء الرابع والعشرون.,Qurʼan.,قرآن.,Qurʼan,Qurʼan
al-Juzʼ al-rābiʻ ʻashar,الجزء الرابع عشر.,Qurʼan.,قرآن.,Qurʼan,Qurʼan
al-Juzʼ al-rābiʻ ʻashar min al-rabʻah al-sharīfah,الجزء الرابع عشر من الربعة الشريفة.,Qurʼan.,قرآن.,Qurʼan,Qurʼan
al-Juzʼ al-sābiʻ wa-al-ʻishrūn,الجزء السابع والعشرون.,Qurʼan.,قرآن.,Qurʼan,Qurʼan
al-Juzʼ al-sādis,الجزء السادس.,Qurʼan.,قرآن.,Qurʼan,Qurʼan
al-Juzʼ al-sādis ʻashar,الجزء السادس عشر.,Qurʼan.,قرآن.,Qurʼan,Qurʼan
al-Juzʼ al-tāsiʻ,الجزء التاسع.,Qurʼan.,قرآن.,Qurʼan,Qurʼan
al-Juzʼ al-tāsiʻ ʻashar,الجزء التاسع عشر.,Qurʼan.,قرآن.,Qurʼan,Qurʼan
al-Juzʼ al-thalāthūn,الجزء الثلاثون.,Qurʼan.,قرآن.,Qurʼan,Qurʼan
al-Juzʼ al-thāmin,الجزء الثامن.,Qurʼan.,قرآن.,Qurʼan,Qurʼan
al-Juzʼ al-thāmin wa-al-ʻishrūn,الجزء الثامن والعشرون.,Qurʼan.,قرآن.,Qurʼan,Qurʼan
al-Juzʼ al-thāmin ʻashar,الجزء الثامن عشر.,Qurʼan.,قرآن.,Qurʼan,Qurʼan
al-Juzʼ al-thānī wa-al-ʻishrūn,الجزء الثاني والعشرون.,Qurʼan.,قرآن.,Qurʼan,Qurʼan
al-Mujallad al-rābiʻ min al-mathnawī al-maʻnawī al-hādī ilá ṣirāṭ al-sawī,المجلّد الرابع من المثنوي المعنوي الهادي الى صراط السوي.,Mas̲navī.,مثنوى.,Mas̲navī,Mas̲navī
al-Niṣf al-thānī min juzʼ aḥad ʻashar,النصف الثاني من جزء احد عشر.,Qurʼan.,قرآن.,Qurʼan,Qurʼan
al-Qurʼān,القرآن.,Qurʼan.,قرآن,Qurʼan,Qurʼan
al-Qurʼān,القرآن.,Qurʼan.,,Qurʼan,Qurʼan
al-Qurʼān,القرآن.,Qurʼan.,قرآن.,Qurʼan,Qurʼan
al-Qurʼān,القرآن,Qurʼan.,قرآن.,Qurʼan,Qurʼan
al-Shifāʼ al-sharīf,الشفاء الشريف.,Shifāʼ fī taʻrīf ḥuqūq al-Muṣṭafá,شفاء في تعريف حقوق المصطفى,"Shifāʼ fī taʻrīf ḥuqūq al-Muṣṭafá
","Shifāʼ fī taʻrīf ḥuqūq al-Muṣṭafá
"
de memoria et reminiscentia,,,,De memoria et reminiscentia,De memoria et reminiscentia
de somno et vigilia,,,,De somno et vigilia,De somno et vigilia
hugonis canonici sancti victoris parisiensis de archa noe pro archa sapientiae cum archa ecclesiae de arch matris gratiae liber primus incipit,,,,De arca Noe,De arca Noe
